{"1": [0.4923159198579598, 0.49569668523091176, 0.49957548782978245, 0.49346293830731197, 0.5012369549375243, 0.4955988332160457, 0.5017739740484942, 0.4902034115296168, 0.49242413847592464, 0.49534348329528344, 0.49023625076055666, 0.49575944609278405, 0.49360989673583294, 0.4941567723455025, 0.49495133489248466, 0.4963735616332602], "6": [4.318137270131924, 4.221246852828822, 4.2600600743661765, 4.2917971495788905, 4.370651939626036, 4.341280500290966, 4.403966143471853, 4.3318773980256005, 4.315089647738424, 4.200817678641225, 4.342135575123504, 4.313907468028019, 4.350233923530627, 4.269320580787636, 4.246132508257666, 4.277840448425037], "7": [13.883276977447135, 14.399566247853265, 15.276360203865424, 14.483715835900467, 14.958310747973806, 14.493951333643643, 13.407631515602928, 14.604830147016518, 14.920905794963044, 13.653800781176255, 13.936027958974663, 12.799879367834404, 14.812684257703683, 15.273498535750191, 13.700916606304624, 15.065742175164345], "8": [19.028191341543522, 18.13770365917511, 18.046982036449315, 17.348372861162016, 18.008072928530325, 18.318031425032046, 17.40427832751112, 18.1218811357649, 18.0488986729948, 17.632746446595576, 17.811132744840105, 18.43444648175707, 17.6226563416173, 18.477418026060224, 18.618379536031796, 18.160811465929523]}