{"1": {"rmse_test": [1.5854367200373616, 1.6702841401482615, 1.3446044941905577, 1.3331747504203355, 1.3379096912276964, 1.3231604188173398, 1.3250316224814023, 1.4565195164866773, 1.4561484982051869, 1.3777317038790062, 1.3704796228798377, 1.3224742688477464, 1.3557221041286047, 1.3029388036563492, 1.6884383754886418, 1.313733112574322, 1.3726808327211828, 1.3547428992710102, 1.3903602936551613, 1.2865961031829876, 1.220869763647622, 1.278716169112144, 1.3561193565566665, 1.3219197990963814, 1.2912995254727628, 1.225377968475987, 1.219410721725803, 1.2973319402298629, 1.265489466040823, 1.224581550903413, 1.2215329729232094, 1.222689470749989, 1.2224281903969683, 1.2389884680630285, 1.2124817838242408, 1.2147662547772324, 1.2147667944067835, 1.2139075569886295, 1.220406597539648, 1.216076297182364], "rmse_train": [1.3712979194538155, 1.3244373430882468, 0.8895846545152963, 1.2360892230002178, 1.2394982353789243, 1.0445552742818993, 1.102118188356426, 1.131081766849044, 1.4818752713991588, 1.1418674043304766, 1.2379422819276789, 1.1846735804762414, 1.2057940891131091, 1.0401173491970432, 1.081959003126699, 1.1376528142408593, 1.2246902792259884, 1.1938864734664343, 1.2936817736418482, 1.1533927907082777, 1.1364085084052966, 1.1949900313314317, 1.282665337559933, 1.221098194381349, 1.2184547127689573, 1.131990112867436, 1.1470094257446395, 1.227033071939122, 1.2014762847096672, 1.1441785190361289, 1.1680379850604454, 1.1685082699532316, 1.1474091572017253, 1.1665070156222472, 1.1575203206440017, 1.1612652154130962, 1.1650821084956589, 1.1642241171399756, 1.164911426517007, 1.1657694265691645], "mae_test": [1.2429351011472687, 1.2992318066532, 1.0126280139262398, 1.004065618270997, 1.0210023359203648, 0.9512378845815562, 1.0063179266248963, 1.021173374227751, 1.1260064538951673, 1.071422884764035, 0.9813330448083241, 1.0106768335250116, 1.0177628186813097, 0.9820661705116767, 0.9622172527705505, 0.9882610581933269, 1.062953503638255, 1.029952162969018, 1.0676862242470964, 0.9855146342108457, 0.9376864611289163, 0.965588937639772, 1.0532137976584435, 1.0160566495317742, 0.9856948287916419, 0.9451532263193012, 0.9391545026792961, 0.9797263867188563, 0.9793726259121621, 0.9463140525019587, 0.9415945665801287, 0.9453253413294345, 0.9411439741547376, 0.956961748285291, 0.9336371332270726, 0.9369204028020562, 0.9366681558963509, 0.9359776929863552, 0.9418737131060192, 0.9380477293306625], "mae_train": [1.0184033127301315, 1.0277781938652664, 0.7042996616810487, 0.9119748901293611, 0.9196910965132714, 0.7721923999356989, 0.8132640825164309, 0.867525102834334, 1.1867422887072059, 0.8555651957126807, 0.9240526544606887, 0.8709376183414822, 0.9168331356815567, 0.7777908885830679, 0.7898520714713015, 0.8622771398189669, 0.9168671271392015, 0.9029278193011074, 0.9725288141799894, 0.8731690439483508, 0.8580304841038999, 0.8942498217744873, 0.9531265480331982, 0.9149589609621404, 0.9061767780542076, 0.8574470432049044, 0.8665281101788793, 0.9164824250990795, 0.893139273551267, 0.8534258372217646, 0.8731938704979335, 0.8768761098982911, 0.8601512169368026, 0.8772464590818739, 0.8718412202444906, 0.8673171669376961, 0.871745088075968, 0.871485558096187, 0.8713945074942657, 0.8713682578792866], "alphas": [0.01, 0.01, 0.001, 0.001, 0.001, 0.0001, 0.001, 0.0001, 0.01, 0.001, 0.0001, 0.001, 0.001, 0.001, 1e-05, 0.001, 0.01, 0.001, 0.01, 1e-05, 1e-05, 1e-05, 0.01, 0.001, 0.001, 1e-05, 1e-05, 0.001, 0.0001, 1e-05, 1e-05, 1e-05, 1e-05, 0.0001, 1e-05, 1e-06, 1e-06, 1e-06, 1e-05, 1e-06], "num_feats": [60, 60, 60, 60, 60, 60, 60, 60, 60, 60, 60, 60, 60, 60, 60, 60, 60, 60, 60, 60, 60, 60, 60, 60, 60, 60, 60, 60, 60, 60, 60, 60, 60, 60, 60, 60, 60, 60, 60, 60]}, "6": {"rmse_test": [13.451320134797928, 12.21986172140659, 15.176154721925569, 12.120541902053741, 12.084184081904565, 10.170470799754652, 11.055964232698809, 10.46032518088922, 10.81728005653501, 10.713471715004992, 10.293281350566627, 10.047354569130215, 10.308763909278579, 9.936863078149155, 11.290693484195527, 9.763370224412732, 9.601967256443656, 9.679045977181746, 10.138433973687066, 9.612104779432727, 9.77272657596702, 9.46936514158323, 9.565854543792712, 9.434281710061251, 9.567411586467053, 9.357078087712695, 9.365381865772571, 9.356099092667623, 9.505258309435526, 9.391411710109852, 9.351505794435154, 9.293309500173768, 9.286285740673293, 9.282963394017678, 9.286869608198339, 9.260054003960128, 9.266416684246423, 9.256059695868952, 9.273213952187648, 9.278453630461382], "rmse_train": [9.684639635470774, 9.153071329622898, 7.5600503711287494, 10.105537074106858, 11.492145009850525, 11.215693879781194, 11.288432584098912, 9.215562271569674, 9.224233740321191, 9.399039749350703, 10.8186743423968, 10.509686516046445, 10.569962777479681, 10.37576188067179, 8.728945285859785, 10.83144566971472, 10.430865854106367, 11.38651312317126, 10.899360241833275, 10.6289522144646, 11.166119822861408, 10.516438113091667, 11.125186710182739, 10.458128688032684, 10.674964034371715, 10.573619704680677, 10.718409139360176, 10.784609706661595, 10.763773863669755, 11.162585138104937, 10.951213898019398, 11.016316806942665, 10.836253915544903, 10.899330091769006, 11.011553267285136, 10.736489348658523, 10.855636707837416, 10.806556212187527, 10.85571886187978, 10.80793255736482], "mae_test": [9.658320187672452, 8.668477379514744, 9.952875478789446, 8.436599277895084, 8.424538668386086, 7.219361319351446, 7.7831828361548245, 7.198855430825827, 7.697122659512466, 7.824927215041645, 7.267463005988722, 7.158312469048763, 7.5292937487485405, 7.128379449584461, 7.264113688025307, 7.002687666672576, 6.963745933182477, 7.032260081780397, 7.773968644582258, 6.973428901534519, 7.094895741589925, 6.854267831682438, 6.911262896009604, 6.70985615835657, 6.873257826747483, 6.768740346463085, 6.7458651845337005, 6.797941205596407, 6.818624657128141, 6.77552770994395, 6.790160817873856, 6.759823297899041, 6.715881083700266, 6.690062819850971, 6.753989239888555, 6.696406786793507, 6.6985497445318725, 6.70181703677564, 6.7103163514159165, 6.712201288055411], "mae_train": [6.984328896625084, 6.501442768150464, 5.963144926401469, 7.56531932688509, 8.618569456222758, 8.486615723751251, 7.991108128997299, 7.111633173113136, 7.176171562356975, 7.223909016115896, 8.11458659140756, 7.74260352172685, 8.082247507655888, 7.741277626589926, 6.607795934041029, 8.178481769240928, 7.737176702298208, 8.104296429081943, 8.196322174116716, 8.050043104851932, 8.19230587000443, 7.90235555155408, 8.115591217847298, 7.78944070086175, 7.940598560350958, 7.881191346543532, 7.969237789175201, 7.920706883785358, 7.894675125939234, 8.211655999350477, 8.035278647103292, 8.12182673783232, 7.93115785114695, 8.01284492397998, 8.102854493031161, 7.930651202309919, 7.975095052954713, 7.967331946656107, 7.988498297258251, 7.9597761844514485], "alphas": [0.001, 0.001, 1e-06, 0.001, 0.001, 0.001, 0.001, 0.001, 1e-05, 1e-06, 1e-05, 1e-06, 1e-06, 1e-05, 1e-06, 1e-05, 1e-06, 1e-05, 1e-06, 1e-06, 0.0001, 1e-06, 1e-06, 1e-06, 1e-06, 1e-06, 1e-06, 1e-06, 1e-06, 1e-06, 1e-06, 1e-06, 1e-06, 1e-06, 1e-06, 1e-06, 1e-06, 1e-06, 1e-06, 1e-06], "num_feats": [60, 60, 60, 60, 60, 60, 60, 60, 60, 60, 60, 60, 60, 60, 60, 60, 60, 60, 60, 60, 60, 60, 60, 60, 60, 60, 60, 60, 60, 60, 60, 60, 60, 60, 60, 60, 60, 60, 60, 60]},