{"1": {"rmse_test": [0.487954020001634, 0.48994711366302435, 0.4905242379189387, 0.49011034759730165, 0.48889842758256596, 0.48891315300159255, 0.4877441258364618, 0.4872415898584016, 0.4870355114154485, 0.4880493106217712, 0.4879724194277828, 0.48990242279983515, 0.4886157840958896, 0.4873822422223876, 0.4880452611399929, 0.48671697453051704], "rmse_train": [0.4043285580534506, 0.40078216191358174, 0.4034566412453761, 0.3996926513746796, 0.3999449940950173, 0.40128447754460184, 0.39915966729400393, 0.4037417896582487, 0.4032747759932497, 0.403886406889235, 0.40537543478235766, 0.4021564643897571, 0.4040591538244788, 0.40148112109524914, 0.40022447750040147, 0.4021670236272696], "mae_test": [0.3708237161744173, 0.3711966080828377, 0.37151936789129697, 0.37261816026531835, 0.37188039971070613, 0.3710625641484458, 0.3699292910253051, 0.37116459159615806, 0.37047782152827247, 0.371705156498415, 0.3691121790483914, 0.37325836834799414, 0.3719182526692247, 0.36971691163045295, 0.3701137064739061, 0.37163201236881954], "mae_train": [0.30792383804731804, 0.3064750931863791, 0.307967500058114, 0.30519485307636757, 0.3047275659913149, 0.3069851588632678, 0.30522556044651805, 0.3080659350834208, 0.30853467761893255, 0.30917025763488554, 0.30849163517389483, 0.30827843328500576, 0.3083378150615718, 0.3068676348895218, 0.3058234893555954, 0.3070820657079838], "alphas": [0.001, 0.001, 0.001, 0.001, 0.001, 0.001, 0.001, 0.001, 0.001, 0.001, 0.001, 0.001, 0.001, 0.001, 0.001, 0.001], "num_feats": [8640, 8640, 8640, 8640, 8640, 8640, 8640, 8640, 8640, 8640, 8640, 8640, 8640, 8640, 8640, 8640]}, "6": {"rmse_test": [4.564406517938727, 4.561700009720557, 4.573240801651441, 4.7789596952326105, 4.626325890514032, 4.561203744503648, 4.638593041327141, 4.5923047633137015, 4.592989837333292, 4.627221535010854, 4.584622946174198, 4.57493655262248, 4.590527993827361, 4.649218957531145, 4.5563942978973015, 4.550328765831669], "rmse_train": [3.630602570901477, 3.663430395348572, 3.6010921113261714, 4.457580913375642, 3.635411393395662, 3.6810663327339235, 3.656565440159444, 3.6928985940690717, 3.676607949369929, 3.673465998326116, 3.6479798914008112, 3.6640425876699823, 3.7239074291300343, 3.709536964872101, 3.676445145104119, 3.645903620927537], "mae_test": [3.3065791909547095, 3.286141856015955, 3.3131258828773387, 3.4371883873415094, 3.342826249707469, 3.281575823307084, 3.3333078305456594, 3.3116917097902854, 3.323305756247146, 3.34524098774317, 3.3304718344023008, 3.304707021935578, 3.3191908958262304, 3.34942708467479, 3.299880540606394, 3.3005055214995314], "mae_train": [2.708019837172353, 2.740152718526127, 2.6991552130544942, 3.226306040630215, 2.7137473051016303, 2.7417667813992614, 2.734973508812665, 2.7478927100252593, 2.734644412785098, 2.734097759124569, 2.7155666596635863, 2.7336391929858443, 2.766382017540827, 2.757826228140818, 2.7506017329527914, 2.7216968610979095], "alphas": [0.001, 0.001, 0.001, 0.01, 0.001, 0.001, 0.001, 0.001, 0.001, 0.001, 0.001, 0.001, 0.001, 0.001, 0.001, 0.001], "num_feats": [8640, 8640, 8640, 8640, 8640, 8640, 8640, 8640, 8640, 8640, 8640, 8640, 8640, 8640, 8640, 8640]}, "7": {"rmse_test": [14.676220634348649, 14.947945731490597, 14.553778545707091, 14.309522794179072, 15.23333042877297, 14.216425304510555, 14.490178956150942, 14.949154112820688, 16.14422918130712, 14.104326826079395, 14.417874276650025, 15.659041173631644, 14.627891342620948, 15.625599317733244, 15.479517502420144, 14.935387955465389], "rmse_train": [8.018273701009228, 8.009827068735142, 8.142440370177582, 8.003967907809013, 7.942391678699744, 8.158877037711104, 8.14648546996219, 7.975150402904993, 8.046209679976775, 8.092828512012753, 8.044195646206367, 8.24351646681516, 8.01976422054563, 8.05964064416251, 8.022558646768008, 8.078139421943872], "mae_test": [9.71845487697912, 9.676907793167778, 9.604871117494323, 9.402710616241121, 9.771992120750525, 9.470967927532612, 9.62158448111984, 9.698786923500181, 9.942235641017941, 9.430547716980128, 9.546970367407294, 9.990350842963569, 9.64477253777254, 9.985116281915207, 9.927410229365972, 9.554196894506026], "mae_train": [5.715074969088154, 5.7477666298634595, 5.805290746766015, 5.71109478459087, 5.696784931458839, 5.8252541926828645, 5.804986979602239, 5.704718552619375, 5.775837366614604, 5.803128927009586, 5.7817182979832324, 5.877743326592057, 5.692055686787648, 5.76416045196377, 5.715504537326469, 5.711226880967207], "alphas": [0.0001, 0.0001, 0.0001, 0.0001, 0.0001, 0.0001, 0.0001, 0.0001, 0.0001, 0.0001, 0.0001, 0.0001, 0.0001, 0.0001, 0.0001, 0.0001], "num_feats": [8640, 8640, 8640, 8640, 8640, 8640, 8640, 8640, 8640, 8640, 8640, 8640, 8640, 8640, 8640, 8640]}, "8": {"rmse_test": [17.890104100580665, 18.411608241465814, 18.376534180533387, 18.09965543039868, 18.37821728020554, 18.000583380216877, 18.350714725994184, 18.514260938088217, 17.978957324801208, 18.49486017916365, 18.465631934060866, 18.19874264697452, 18.685511077593564, 18.57982061390876, 18.188556596938867, 18.126994973161075], "rmse_train": [11.721644679099194, 12.008669231216869, 11.635690213400624, 11.68434348390913, 11.62490863119876, 11.622259972997197, 11.565534911197673, 11.889357016469795, 11.844814240363172, 11.766159185978264, 11.683144242119795, 11.977318939595502, 11.771684371818685, 11.792429340018353, 11.916896350280666, 11.943588100281147], "mae_test": [12.99906034501525, 13.359189009409146, 13.172239540279897, 13.059509252143808, 13.120412075136803, 12.981487872747866, 13.047783534143084, 13.27937981582733, 12.78978778067535, 13.240772021453209, 13.276182741876488, 13.196233237752944, 13.333719750682384, 13.253458752230646, 13.090947051177004, 13.052473322754865], "mae_train": [8.471367533373146, 8.690692777595103, 8.41955619247014, 8.475613896645164, 8.424979968578997, 8.499915127701835, 8.400414841441423, 8.59551479898322, 8.61302046653332, 8.50087449135035, 8.445816688405522, 8.709149879647955, 8.554173422395955, 8.475449016897224, 8.628697816212252, 8.64304359542467], "alphas": [0.001, 0.001, 0.001, 0.001, 0.001, 0.001, 0.001, 0.001, 0.001, 0.001, 0.001, 0.001, 0.001, 0.001, 0.001, 0.001], "num_feats": [8640, 8640, 8640, 8640, 8640, 8640, 8640, 8640, 8640, 8640, 8640, 8640, 8640, 8640, 8640, 8640]}}