{"1": {"rmse_test": [3.2296230220729885, 3.2490382394986335, 3.175368799177521, 3.2556684077526166, 3.24486950973597, 3.236080453355436, 3.2443329344820073, 3.268307572106806, 3.2455999183741957, 3.2175386607668983, 3.210261008925495, 3.2492099558417786, 3.2512943873460745, 3.2842343357529535, 3.1924635594949744, 3.212791929922361], "rmse_train": [3.5562375638011727, 3.574942430410112, 3.5540306543768354, 3.573305125794771, 3.562770499671117, 3.5854556570039793, 3.5606090249165554, 3.579873571208952, 3.5570481806866767, 3.5682358326893553, 3.5855889067940767, 3.545171144445417, 3.552872143763038, 3.571610447660787, 3.60198533179401, 3.592260983763405], "mae_test": [2.727734098193438, 2.728511935979625, 2.652388099455556, 2.73469102629937, 2.717378388552075, 2.7100520072906216, 2.7358306988772885, 2.747216178391652, 2.7290229197248044, 2.694631435160927, 2.698466398385684, 2.7304093431359906, 2.738453132191521, 2.765809444710919, 2.685461175528349, 2.6998447409207995], "mae_train": [2.804797558135702, 2.810391707295212, 2.8041694670921578, 2.819958175655459, 2.806574495379766, 2.829057315298607, 2.8111783579763707, 2.822013004287462, 2.806820528876955, 2.8188605145009835, 2.827201811016679, 2.7927643675184926, 2.796745762777316, 2.8155032060772394, 2.8387403381144067, 2.8362166975274214], "alphas": [], "num_feats": [60, 60, 60, 60, 60, 60, 60, 60, 60, 60, 60, 60, 60, 60, 60, 60]}, "6": {"rmse_test": [51.13886269478077, 51.214795379630395, 51.34168750642471, 50.86613569501139, 50.93897189687558, 50.893177761636835, 51.21409923749666, 51.07252621991993, 50.47587890355013, 49.848268867811626, 49.97573360018585, 49.882252297809934, 51.6441484222326, 49.98447077147508, 51.57232584830673, 50.432021584532286], "rmse_train": [53.526079472745714, 53.4726579815512, 53.65003036885287, 53.63385962820144, 53.64921589646763, 53.367190549553634, 53.49850123173694, 53.45085502178359, 53.23254201419581, 53.40612338716239, 53.693661655369795, 53.1558198043406, 53.84009226633829, 53.69645135209114, 53.58927366125546, 53.634431045891134], "mae_test": [43.18540477542404, 43.11059470774053, 43.425439771525696, 42.955557728055766, 42.663564213413494, 42.68372215370911, 42.51847295812725, 43.02294315494828, 42.212306410466674, 41.64361529344334, 41.643493648943206, 41.870854817466366, 43.376514357998914, 41.9346531872407, 43.53293481572892, 42.43970633236442], "mae_train": [46.53038149408487, 46.55518514235017, 46.78798692469983, 46.77830566178583, 46.75774925255956, 46.25589993484142, 46.54085817628012, 46.39309754168467, 46.24737462428265, 46.381515151935595, 46.63906005940915, 46.03851629754098, 46.898333109888156, 46.71755515243551, 46.576997008887936, 46.840384477737096], "alphas": [], "num_feats": [60, 60, 60, 60, 60, 60, 60, 60, 60, 60, 60, 60, 60, 60, 60, 60]}, "7": {"rmse_test": [108.65158697178794, 114.50073429531085, 110.36763173717793, 111.36546157948756, 106.85481675528104, 110.8730310244083, 110.1007517084519, 113.07853751432495, 120.52110363020392, 113.77327913122807, 111.62137470890525, 108.95309400698521, 112.27682062356831, 114.13526104690779, 111.639737072739, 112.33602977110345], "rmse_train": [117.8211969743171, 117.28746030119036, 117.84061662424448, 118.66908812924652, 116.95637315769685, 117.58691219620673, 117.5243162764616, 117.5820211325329, 118.00056538071675, 116.9575729377773, 118.0931520090402, 117.07628821265789, 117.92497056450215, 118.37092593315309, 117.64060142021674, 117.25379674706696], "mae_test": [95.38107893161747, 101.12152754332001, 96.5822338781234, 96.52149332661338, 92.98142575073285, 97.48047132060441, 96.17244953068052, 98.59956810830337, 105.26150743867233, 100.0929639089071, 97.53106810609984, 94.98935576773309, 97.79093111792206, 100.76553257032539, 97.93556593151987, 98.67209903660728], "mae_train": [101.82474826599525, 101.4143328614543, 102.02637729557179, 102.68768620991719, 100.9404663634557, 101.68767261273675, 101.47637643429826, 101.60656474642376, 102.07633855364507, 101.00258043438933, 102.14716422793678, 101.58658609547625, 102.1292096932844, 102.75208304301631, 101.47509043033158, 101.40394745427473], "alphas": [], "num_feats": [60, 60, 60, 60, 60, 60, 60, 60, 60, 60, 60, 60, 60, 60, 60, 60]}, "8": {"rmse_test": [201.91581010816762, 192.1120847731852, 196.66290447885967, 197.4881823512316, 199.98623462990025, 194.7851569440741, 197.20825273433968, 202.0056344109956, 195.61908729142894, 195.82679735488344, 198.99490197602975, 195.7387630467295, 199.72725566997357, 200.14281634832676, 193.2743339299817, 200.55672331446314], "rmse_train": [191.96787822768962, 191.95908741260206, 193.0119496138582, 192.68288190183637, 192.9095340789566, 191.72770883161022, 192.87240731260871, 193.23548328259452, 191.39283929087185, 192.74873915838478, 191.56149464631736, 192.0281580474815, 192.02108960685143, 191.50047659411328, 192.94063888847526, 192.57520033586246], "mae_test": [171.76789155028567, 162.4279992189667, 166.6361920827344, 166.93774344863368, 170.50760902321895, 163.9965604330756, 167.24236746380635, 170.75147285987924, 165.54040941318607, 164.22302280109975, 168.1183253538931, 166.06755095724063, 170.02202912780334, 168.82982079103516, 163.76674896125715, 169.31812064699247], "mae_train": [160.58631353917886, 160.7824123497192, 161.4102568477238, 160.71570856308927, 161.4878243795398, 159.7086955064719, 161.43659507585102, 161.75188484009632, 159.93953295164866, 160.96595731018328, 159.93370546812903, 160.41001156362168, 160.76140416912835, 159.51634768061604, 161.27412769619554, 160.94668645195944], "alphas": [], "num_feats": [60, 60, 60, 60, 60, 60, 60, 60, 60, 60, 60, 60, 60, 60, 60, 60]}}