{"1": [0.7910030514638806, 0.8004510874385525, 0.7900512242434299, 0.7960951456977946, 0.7901953700276403, 0.7907875954107616, 0.8018421921909816, 0.7988532434857882, 0.7887749223374005, 0.7973594447516645, 0.7810386606535736, 0.7943436318612571, 0.7994890592660604, 0.7943840063357784, 0.7888168471696065, 0.7884526541245], "6": [5.899462251281359, 5.994832177529235, 6.127314368653589, 5.98726639846405, 6.055637866823172, 10.081845284780087, 5.717465484382168, 5.84726674752081, 5.9192903428467725, 6.004679334886658, 6.062743547232544, 5.878229294261926, 5.91186327737878, 6.356072099845799, 5.929805067564834, 5.8393807671190565], "7": [18.10154532364542, 23.096566767650444, 18.234927589201018, 18.30815583172322, 17.42922611035616, 18.59945244060412, 18.337474976273747, 17.750928968555968, 17.492958730390512, 19.021955580971596, 18.023429589953405, 18.32601659355827, 18.094574291068874, 17.268156495341415, 17.353271814917125, 17.725970806737905], "8": [21.514577567119165, 21.473933826134243, 50.007999281469004, 21.524406024240978, 22.72129498353336, 21.38508021037926, 22.32279640355978, 21.724076115575173, 24.24591674906675, 22.625106060445166, 23.24196825528806, 23.409592680294427, 22.043671301233083, 23.083989040545806, 21.468342728885194, 23.57322610678926]}