{"1": {"rmse_test": [1.1794713736758422, 1.1344096937687629, 1.0677424773513828, 1.1336605293951314, 1.121462199338905, 1.033139067910873, 1.0118186714971298, 1.0022763430876231, 0.9694226159878471, 0.9832771045128706, 0.884766909110135, 0.8490615206893011, 0.9542560471308027, 0.8451267955978926, 0.954331353658141, 0.809042921602902, 0.8082039926829985, 0.8192826767756862, 0.791061021719251, 0.7905576991911568, 0.761007569252855, 0.7291218560231982, 0.7308692727294165, 0.7257961734918091, 0.7625076096212967, 0.6724828977321547, 0.6965304774616645, 0.6816446245733825, 0.6876476657439173, 0.7027641560242723, 0.6360505331060864, 0.6344943029185443, 0.6345222902797856, 0.6397696170443948, 0.6355579881781063, 0.5883829300531157, 0.5916865832751396, 0.5915167734353964, 0.5905400503936362, 0.5934278426442706], "rmse_train": [0.24449655376294874, 0.0018310772376110575, 0.24950308061593499, 0.22336385936795755, 0.0007808946935015025, 0.2858452258020337, 0.28729960472996463, 0.25231675680332366, 0.24343582857485027, 0.21299830224786304, 0.3363870389319061, 0.31048715289490175, 0.6756790926310322, 0.34815561036652093, 0.3340887749995763, 0.4149414436151259, 0.4344177847228629, 0.38466368233277043, 0.4065660852642315, 0.3834686695189455, 0.4726221126984323, 0.47105365313299613, 0.44338947724477823, 0.45355252545766556, 0.4588421808223239, 0.48696776628753974, 0.515221535814627, 0.5102150320752777, 0.5128175750283772, 0.5289350758223951, 0.5576546690671942, 0.5441651853329241, 0.545018748536064, 0.5326087567131289, 0.5416286407953327, 0.5161001874824627, 0.5159931527722783, 0.5152215807250118, 0.515649042020472, 0.5172194367687036], "mae_test": [0.914933706445054, 0.8725535868864652, 0.7896823718532637, 0.848152956899897, 0.8641379502355977, 0.7843697861183998, 0.7675133029864719, 0.7687602022680908, 0.7353834399297448, 0.7541356046885226, 0.6798004870282923, 0.6507455555449666, 0.732624398316246, 0.6396707824225701, 0.7329414024983802, 0.6186494738522226, 0.6200024248859531, 0.633176209119896, 0.6030909597194363, 0.6044136413529363, 0.5775862497801646, 0.5557220958910015, 0.5563220785083355, 0.5545687601991646, 0.5868126405833581, 0.5124911953932463, 0.5302657867861067, 0.5228427523141115, 0.5286376218230789, 0.5389454479494767, 0.4882470407448431, 0.48531164571146235, 0.48600211462515164, 0.48885134897210986, 0.48680844088064534, 0.4479386079799844, 0.45130560079908055, 0.44974439386880005, 0.44927343583311014, 0.45182305720339205], "mae_train": [0.18516039698179207, 0.0008999547597703954, 0.18433750224317297, 0.16734419479246512, 0.0002966844768637944, 0.21082996149670563, 0.21369204223254454, 0.19277855096332094, 0.18305844944628455, 0.15672783297645787, 0.2582934372086445, 0.23724834990067875, 0.49855463036240383, 0.255705426210873, 0.2541745861672321, 0.31201746263104996, 0.32311533474658, 0.2974345870255645, 0.30724157579489547, 0.2862018816875065, 0.3612835417665341, 0.36067702642150096, 0.3397303189473601, 0.34611313460637316, 0.3484425418964519, 0.37080595902803726, 0.3892832279164113, 0.3898767816855074, 0.3888531109035409, 0.3965283921266634, 0.42235388081746295, 0.412607250133449, 0.41143517381663575, 0.40842707181883664, 0.4107186235524605, 0.39152842972690005, 0.3916868767941844, 0.391011622334035, 0.391523007235325, 0.3927564278761558], "alphas": [0.01, 1e-05, 0.01, 0.01, 1e-06, 0.01, 0.01, 0.01, 0.01, 0.01, 0.01, 0.01, 0.1, 0.01, 0.01, 0.01, 0.01, 0.01, 0.01, 0.01, 0.01, 0.01, 0.01, 0.01, 0.01, 0.01, 0.01, 0.01, 0.01, 0.01, 0.01, 0.01, 0.01, 0.01, 0.01, 0.001, 0.001, 0.001, 0.001, 0.001], "num_feats": [8640, 8640, 8640, 8640, 8640, 8640, 8640, 8640, 8640, 8640, 8640, 8640, 8640, 8640, 8640, 8640, 8640, 8640, 8640, 8640, 8640, 8640, 8640, 8640, 8640, 8640, 8640, 8640, 8640, 8640, 8640, 8640, 8640, 8640, 8640, 8640, 8640, 8640, 8640, 8640]}, "6": {"rmse_test": [5.601641791275957, 6.028814604548263, 6.39177765646776, 6.5234298366302275, 5.971679815068079, 5.639193981784945, 5.623776019515255, 4.829344888207283, 5.154621711606372, 5.272340405158119, 3.788170988835142, 4.260518995198366, 4.509362763711659, 4.128490687368389, 4.306011405926097, 3.5624818816639205, 3.8132671422526827, 3.5435378023348405, 3.5049678632547963, 3.524502929277623, 3.15052031177701, 3.308496173154317, 3.138157444149155, 3.1950137735560795, 3.0727087702000295, 2.8305827752932524, 2.7949887092942003, 2.8988113607173576, 2.8445395855216264, 2.894784277450789, 2.5358295661235704, 2.4956345904414485, 2.601576773017693, 2.631457243791958, 2.6280015557062, 2.3460166265311986, 2.3433257136102155, 2.3514826176596593, 2.350048487019849, 2.345984346308761], "rmse_train": [0.26968171709743954, 0.029796309983443656, 3.9332706771715795, 0.008726019954586581, 0.05494413793679054, 3.8703668924641232, 0.27029624645382877, 0.006240503025823309, 1.4247531197439856, 3.7669570795855294, 1.5418729452318134, 1.4140363505475113, 1.5744429821414245, 0.4469560961408436, 0.4069933564622781, 1.7783559349534792, 1.7000915596534147, 1.804497132527873, 1.6924127252581969, 1.667683624823326, 2.060776080524375, 1.965684233588216, 1.9492896898341896, 1.950799062609153, 1.9540814147435304, 1.9771246875550477, 2.184234229970343, 2.0816402655090473, 2.078392408425505, 2.1212150383437804, 1.7586188496923705, 1.725214201600894, 1.7075859186042222, 2.2603708002298664, 2.2005504535175207, 1.9727683578709718, 1.9803217420437729, 1.9855088896971964, 1.9651536631115027, 1.9755241389853417], "mae_test": [3.959199346514411, 4.104101011065194, 4.481096816622766, 4.181283175987919, 4.061367715415038, 3.9957503123639966, 3.94104125324782, 3.4949031688110272, 3.4755278512984282, 3.5348102037034863, 2.6877881246250555, 2.950039184655944, 3.0078208551383105, 2.8611970086231895, 3.069566100005392, 2.532378887509852, 2.612673618471062, 2.5788575285223336, 2.485145112531724, 2.4849825359183386, 2.2671459198450368, 2.3174437044091416, 2.248344066432408, 2.310107700716591, 2.1940944894499137, 2.0057036626476368, 2.003819242840712, 2.067463054026302, 2.0467836315273775, 2.048970955345608, 1.8380911765463894, 1.825268002473834, 1.843576713597485, 1.885332581439587, 1.874206380714962, 1.7043535693978704, 1.6984530355308265, 1.7033606947184705, 1.695404816775589, 1.7044014808886798], "mae_train": [0.19872724897098631, 0.020591781427525276, 2.833850895574508, 0.004939071287520924, 0.036667178085925824, 2.7376426805261427, 0.1971235031719232, 0.0033152167136385378, 1.041590653323968, 2.7119655862596797, 1.1505201177648852, 1.0202295237232064, 1.143960528009496, 0.3179093043531696, 0.2907964833159712, 1.290360904222933, 1.2319984747818362, 1.3485709965321349, 1.2711917405091955, 1.2387337205724365, 1.5175614613004684, 1.4549033401780347, 1.475526582991639, 1.4569753245363921, 1.4476593330151266, 1.4728614505123672, 1.5914705512428606, 1.5462324328930557, 1.5514577275987742, 1.5652017457742176, 1.3304212683688565, 1.2987250492544058, 1.297782517772928, 1.651721763159267, 1.6393532324797513, 1.473194958185604, 1.4784290006694285, 1.48295329465281, 1.4717076667513527, 1.47382739842316], "alphas": [0.001, 0.0001, 0.1, 1e-05, 0.0001, 0.1, 0.001, 1e-06, 0.01, 0.1, 0.01, 0.01, 0.01, 0.001, 0.001, 0.01, 0.01, 0.01, 0.01, 0.01, 0.01, 0.01, 0.01, 0.01, 0.01, 0.01, 0.01, 0.01, 0.01, 0.01, 0.001, 0.001, 0.001, 0.01, 0.01, 0.001, 0.001, 0.001, 0.001, 0.001], "num_feats": [8640, 8640, 8640, 8640, 8640, 8640, 8640, 8640, 8640, 8640, 8640, 8640, 8640, 8640, 8640, 8640, 8640, 8640, 8640, 8640, 8640, 8640, 8640, 8640, 8640, 8640, 8640, 8640, 8640, 8640, 8640, 8640, 8640, 8640, 8640, 8640, 8640, 8640, 8640, 8640]},