{"1": {"rmse_test": [0.0, 0.0, 0.0, 0.0, 0.0, 0.0, 0.0, 0.0, 0.0, 0.0, 0.0, 0.0, 0.0, 0.0, 0.0, 0.0, 0.0, 0.0, 0.0, 0.0, 0.0, 0.0, 0.0, 0.0, 0.0, 0.0, 0.0, 0.0, 0.0, 0.0, 0.0, 0.0, 0.0, 0.0, 0.0, 0.0, 0.0, 0.0, 0.0, 0.0], "rmse_train": [0.0, 0.0, 0.0, 0.0, 0.0, 0.0, 0.0, 0.0, 0.0, 0.0, 0.0, 0.0, 0.0, 0.0, 0.0, 0.0, 0.0, 0.0, 0.0, 0.0, 0.0, 0.0, 0.0, 0.0, 0.0, 0.0, 0.0, 0.0, 0.0, 0.0, 0.0, 0.0, 0.0, 0.0, 0.0, 0.0, 0.0, 0.0, 0.0, 0.0], "mae_test": [0.0, 0.0, 0.0, 0.0, 0.0, 0.0, 0.0, 0.0, 0.0, 0.0, 0.0, 0.0, 0.0, 0.0, 0.0, 0.0, 0.0, 0.0, 0.0, 0.0, 0.0, 0.0, 0.0, 0.0, 0.0, 0.0, 0.0, 0.0, 0.0, 0.0, 0.0, 0.0, 0.0, 0.0, 0.0, 0.0, 0.0, 0.0, 0.0, 0.0], "mae_train": [0.0, 0.0, 0.0, 0.0, 0.0, 0.0, 0.0, 0.0, 0.0, 0.0, 0.0, 0.0, 0.0, 0.0, 0.0, 0.0, 0.0, 0.0, 0.0, 0.0, 0.0, 0.0, 0.0, 0.0, 0.0, 0.0, 0.0, 0.0, 0.0, 0.0, 0.0, 0.0, 0.0, 0.0, 0.0, 0.0, 0.0, 0.0, 0.0, 0.0], "alphas": [1e-06, 1e-06, 1e-06, 1e-06, 1e-06, 1e-06, 1e-06, 1e-06, 1e-06, 1e-06, 1e-06, 1e-06, 1e-06, 1e-06, 1e-06, 1e-06, 1e-06, 1e-06, 1e-06, 1e-06, 1e-06, 1e-06, 1e-06, 1e-06, 1e-06, 1e-06, 1e-06, 1e-06, 1e-06, 1e-06, 1e-06, 1e-06, 1e-06, 1e-06, 1e-06, 1e-06, 1e-06, 1e-06, 1e-06, 1e-06], "num_feats": [8640, 8640, 8640, 8640, 8640, 8640, 8640, 8640, 8640, 8640, 8640, 8640, 8640, 8640, 8640, 8640, 8640, 8640, 8640, 8640, 8640, 8640, 8640, 8640, 8640, 8640, 8640, 8640, 8640, 8640, 8640, 8640, 8640, 8640, 8640, 8640, 8640, 8640, 8640, 8640]}, "6": {"rmse_test": [5.4138355002913325, 5.389262010748714, 5.65275684080771, 5.440774177504272, 5.537546849251967, 5.143030445840957, 5.771565187519614, 4.404764302773367, 4.808943241475527, 5.354697938246586, 3.878954310111133, 3.882829866043392, 4.2534099602673034, 4.111934295592943, 4.059467059069697, 3.409730208923021, 3.2579248836575707, 3.615619795604325, 3.3069816631494318, 3.4260267355584446, 2.979120012296781, 2.997465135407589, 3.028374282266114, 2.9258108670237886, 2.9444918445505306, 2.566931480222149, 2.5694345416300144, 2.597054917492138, 2.6303973876411657, 2.7169056217726153, 2.3476234875245168, 2.3404589056388896, 2.472778651874664, 2.343849371472969, 2.33940160150326, 2.1647227646379177, 2.1836933602025392, 2.170800917136555, 2.1719268692214753, 2.1742782039973125], "rmse_train": [0.019529271536580847, 0.9813392940882407, 1.074712417577569, 0.03666417293844475, 0.005865552074821485, 1.3645575791583957, 3.0422029952234, 0.31191162707823067, 0.004412931807195078, 3.436835254986312, 1.484909560293502, 1.4181623798565273, 1.3628686237150056, 1.4076318509009367, 0.004641454262731596, 0.6441898752779164, 1.6410360200792689, 1.550084509891581, 1.632882562199494, 1.5947790852792192, 1.8347746911802933, 1.8210331356300196, 0.8897155006715397, 1.8075441288923573, 1.7013886811100285, 1.2670677937601023, 1.2942992016271264, 1.2648132667055434, 1.881633955337702, 1.9760674182745996, 1.5811354598703438, 1.5935237103896218, 1.5931819108301915, 1.5720162099465633, 1.6299549270270632, 1.8171753091608187, 1.8277293340501353, 1.8358803010353166, 1.824787118799062, 1.8269064618196051], "mae_test": [3.70217003592041, 3.8032495534933757, 3.727004223471692, 4.0031301633447836, 3.790592617337868, 3.567313621575192, 3.87921271264244, 3.0672324571316514, 3.240505467217636, 3.7029534546545375, 2.678520255915747, 2.720418881246392, 2.990895256419059, 2.7620743818681754, 2.9100587062202963, 2.4368524933364344, 2.3164963472498377, 2.4594705395732155, 2.3450454515454324, 2.416196490861523, 2.133856773172198, 2.130179887316078, 2.143927134059706, 2.083395241475262, 2.0575300879676437, 1.8506254521746384, 1.8695445249933593, 1.8745143457883262, 1.8661572333562273, 1.9129560325277728, 1.6790665727080625, 1.6958241630287845, 1.7246368862638772, 1.6939713930359954, 1.68413946714796, 1.5596101932196558, 1.566150555616955, 1.5600966587417329, 1.5584739184110772, 1.564331715786093], "mae_train": [0.01397656429756883, 0.7078529866652826, 0.7983231665572248, 0.023808452702637126, 0.002605542674791969, 0.9758646520281562, 2.0970415552868085, 0.21138353957614905, 0.0023377203010458494, 2.5534313761432967, 1.099619418452132, 1.0340546105717978, 1.0095530551947933, 1.0193108110979083, 0.001840399969595596, 0.47701737451226134, 1.218847867693925, 1.1477510873604104, 1.2082204907944067, 1.180891223531446, 1.3571855811029812, 1.3370933899328015, 0.6728659389469478, 1.3324593926869186, 1.2753159843625816, 0.955493852631704, 0.9752486849471353, 0.9568082183448865, 1.3998513062683022, 1.4490987403132276, 1.183556752327752, 1.2010994367012031, 1.1982084356647593, 1.1841620533820627, 1.2219050971172338, 1.348715896986901, 1.3563178092345864, 1.3601493448677586, 1.3519020283124084, 1.3545959519627304], "alphas": [0.0001, 0.01, 0.01, 0.0001, 1e-06, 0.01, 0.1, 0.001, 1e-06, 0.1, 0.01, 0.01, 0.01, 0.01, 1e-06, 0.001, 0.01, 0.01, 0.01, 0.01, 0.01, 0.01, 0.001, 0.01, 0.01, 0.001, 0.001, 0.001, 0.01, 0.01, 0.001, 0.001, 0.001, 0.001, 0.001, 0.001, 0.001, 0.001, 0.001, 0.001], "num_feats": [8640, 8640, 8640, 8640, 8640, 8640, 8640, 8640, 8640, 8640, 8640, 8640, 8640, 8640, 8640, 8640, 8640, 8640, 8640, 8640, 8640, 8640, 8640, 8640, 8640, 8640, 8640, 8640, 8640, 8640, 8640, 8640, 8640, 8640, 8640, 8640, 8640, 8640, 8640, 8640]}, "7": {"rmse_test": [26.434798810004764, 25.618416667293047, 30.316521679724456, 46.80532788263195, 33.480434856722276, 30.260195053408914, 27.325634921077796, 28.92327973355139, 27.07419022834861, 25.450426549759328, 24.168400034713954, 20.564299255970973, 29.369128896566938, 23.067494380821156, 29.188965549540487, 17.235527298805028, 16.739801181218517, 20.108854769002825, 20.187589876821797, 16.520615078893258, 14.218634955239976, 15.803661662495749, 13.307939837774825, 16.213885323449567, 15.046686599371851, 11.458358586769398, 13.577226570694942, 12.545938872932073, 13.414335385830787, 11.787429435798032, 10.675518605597606, 10.455242555667953, 13.17067818099177, 11.630508565947364, 9.953759969390108, 8.903683657366061, 8.83109847678379, 9.000115080668703, 8.953188778990262, 8.999470369883731], "rmse_train": [9.54878279575602, 3.559708997902493, 16.562859744837233, 0.6568129529491364, 3.115865836363192, 22.64536381419855, 0.04433313254273374, 19.44359235198273, 22.464978579902233, 11.69362226955291, 1.7333710151839232, 0.0456331825240457, 28.276692049139292, 7.580563184465533, 25.71025320726297, 7.108415104433973, 2.449759248108272, 2.3027304009028073, 5.934687782276632, 7.316711638767251, 2.9813800978862424, 3.0243641442997076, 2.934414173415033, 3.1828823274414852, 7.780581238427047, 3.96066581309884, 3.886630327842828, 3.7509034827544183, 3.767852370371699, 7.4906480779057985, 4.474261905451789, 4.370847884037331, 4.47370973737737, 4.777722186996998, 4.651217118982917, 5.119752310846991, 5.067961587393053, 5.120537366733354, 5.132970538493325, 5.087453395045376], "mae_test": [19.778623845497897, 18.427502180824053, 21.993052319559318, 27.003455216601978, 25.764239878537854, 22.044594514671832, 17.169263276837963, 20.483391048245263, 18.47551566493406, 18.615102543469202, 16.08424487490679, 15.00065617195098, 22.246818238276376, 16.17074201646551, 21.774458943952908, 11.951583622910594, 11.35499991971485, 12.835847145530241, 12.23904684919103, 11.402995730739423, 9.09906764017847, 9.973539553168836, 9.138690283631897, 9.731538983575433, 10.269356456908069, 7.5714414739306495, 7.6078891644520334, 7.822766026820686, 8.233562500116296, 8.257428309536596, 6.721489871640801, 6.898034365332651, 6.7401901729379246, 6.923538272359396, 6.52604646821644, 5.816313428007871, 5.804220562631106, 5.758600459636872, 5.820921104078498, 5.786729905515911],