{"1": {"rmse_test": [1.2075580867840738, 1.0820753425220537, 1.121154764624169, 1.0394961540882452, 1.2727751234697495, 0.9427184649531554, 0.9809356338213588, 1.0595792277355993, 1.1611914356483777, 1.0284642898320686, 0.9075606210263928, 1.0014645205521449, 0.8405603422106477, 0.9058451129264908, 0.8593037071024209, 0.8178116923537403, 0.8528695567751912, 0.7814899545938591, 0.8165226974392731, 0.8506174485693909, 0.7348558826974231, 0.7226115092400185, 0.7505015275572018, 0.7450960778165031, 0.7172220559783555, 0.695171910275213, 0.6833454155697338, 0.6976882724094378, 0.6798972391747041, 0.688220382003582, 0.6329501659929426, 0.6338597595503357, 0.6388424592445351, 0.6455349302642646, 0.6471052964543121, 0.5944819809565434, 0.5931653640871334, 0.5952116661091769, 0.5923243373118704, 0.590672827200109], "rmse_train": [0.23553919621689307, 0.0010100266875901628, 0.05433952000074243, 0.0012611712316097166, 0.23899088479456718, 0.2730400757431155, 0.24609080429630803, 0.266648023871167, 0.3481354750451418, 0.2913955706018846, 0.36094299571076816, 0.6540797630726142, 0.30038253542835863, 0.30251438412295106, 0.32951433456283646, 0.40023684806445453, 0.38662665853828904, 0.3908242998172375, 0.40622497901753934, 0.4213776441547992, 0.45408839468274786, 0.4585918564597631, 0.5047534635955048, 0.47189075071195746, 0.44419667546681074, 0.5140845714316121, 0.5162390986335142, 0.5145858246421918, 0.5181902234253833, 0.5163404516454306, 0.5468394935953621, 0.5314225807403921, 0.5464649682382848, 0.5371919959529596, 0.5471129060397004, 0.5188024927037903, 0.5173319863678851, 0.5144213116806275, 0.5160717624019411, 0.515478197899331], "mae_test": [0.9440753321046649, 0.7943417880154015, 0.8718964593907212, 0.7839899663524518, 0.9938934372469022, 0.7138390459962719, 0.7284661278392953, 0.795618288635121, 0.8825524339816933, 0.7829249247038977, 0.6875557092002312, 0.7692056269409112, 0.6386238777715163, 0.7016212196810014, 0.6462596299359354, 0.6240932010718562, 0.6509647773359141, 0.5924948205391115, 0.6220248778349047, 0.6526779738269067, 0.5608337883373323, 0.5517472219181245, 0.5793216894558085, 0.5693097764884629, 0.5459951993754019, 0.5318334311181253, 0.5252394215505048, 0.533813010789955, 0.5220649465398176, 0.5276355280209455, 0.48362707511762465, 0.48510490036909043, 0.4904668705683219, 0.4943657098386751, 0.4953093042640353, 0.45172540690433494, 0.4514779999779533, 0.45254893081560676, 0.45123623381233724, 0.4490495981212452], "mae_train": [0.17824976824763608, 0.00038841454895169656, 0.03841614970745512, 0.0005727287883297798, 0.1772788253812497, 0.20673849924508206, 0.18605184579727335, 0.1965990194130651, 0.23535711282477248, 0.21411863595531566, 0.26771449331778185, 0.49593142166058446, 0.2297399188921954, 0.23371597520353282, 0.2525112096540707, 0.3072123321036347, 0.2989269465192183, 0.3016757028890305, 0.30709627828673614, 0.3242787881709334, 0.3371670857830727, 0.34758702772661243, 0.37977187443185584, 0.3590208811082863, 0.3434197595156441, 0.3928219149601882, 0.3934382966990371, 0.390807764295081, 0.39612492884273554, 0.39259412291868867, 0.4146715437644666, 0.40766778137867576, 0.41383725610796684, 0.4081726764067178, 0.41732788186695724, 0.3939165459496117, 0.3930077807182271, 0.3910649543364568, 0.3924355529286195, 0.3917303485970786], "alphas": [0.01, 1e-06, 0.001, 1e-06, 0.01, 0.01, 0.01, 0.01, 0.01, 0.01, 0.01, 0.1, 0.01, 0.01, 0.01, 0.01, 0.01, 0.01, 0.01, 0.01, 0.01, 0.01, 0.01, 0.01, 0.01, 0.01, 0.01, 0.01, 0.01, 0.01, 0.01, 0.01, 0.01, 0.01, 0.01, 0.001, 0.001, 0.001, 0.001, 0.001], "num_feats": [8640, 8640, 8640, 8640, 8640, 8640, 8640, 8640, 8640, 8640, 8640, 8640, 8640, 8640, 8640, 8640, 8640, 8640, 8640, 8640, 8640, 8640, 8640, 8640, 8640, 8640, 8640, 8640, 8640, 8640, 8640, 8640, 8640, 8640, 8640, 8640, 8640, 8640, 8640, 8640]}, "6": {"rmse_test": [10.468971507928048, 11.361078736493306, 10.848951691666256, 12.453414494458363, 10.562330414828212, 9.704931667549058, 8.598545205682914, 8.965768365812268, 11.934484728004097, 9.591981732227415, 8.131589915898056, 8.532039499065517, 8.535519042894235, 7.945898517203652, 7.589800809679458, 7.271822142297914, 6.873363247391588, 7.109312241624656, 7.253648269261685, 6.879787072727682, 6.286417672352678, 6.450229342970355, 6.06612173945092, 6.054280311094296, 6.152901961711929, 5.593792890229241, 5.517874112820387, 5.459310516403138, 5.42988851199963, 5.560414645646414, 4.950788176606427, 4.825574182309561, 4.919614790901139, 4.919503207044156, 4.834702726850585, 4.499900482610068, 4.475610227655065, 4.518869128796835, 4.503860823135107, 4.4866572053964076], "rmse_train": [2.6326428024384754, 2.0666785719170777, 0.007897142372915927, 0.011069098960087011, 0.0152149050988756, 2.64435713773746, 0.599160916598374, 0.6284445442043847, 7.777352639517228, 0.008417932454823134, 0.7533331632672383, 3.0508783546409797, 0.8256251625873032, 3.159914648943463, 2.8171433999744244, 3.238380974293375, 3.2434657994746914, 1.3134995732148707, 1.2952507428680744, 1.2236974509937004, 1.809699164148574, 1.858807833957678, 3.9323791395668564, 1.9389240400700873, 1.9758114717212905, 3.9657234007439506, 3.911407850632356, 4.025723548960818, 3.9737701941149246, 3.8277928606395664, 3.3457812939001816, 3.3239594090119104, 3.33869731769175, 3.294041371658771, 3.206161284598429, 3.7955485060171186, 3.764678606159314, 3.794779856247326, 3.79042956151986, 3.770579204031347], "mae_test": [7.29611163769047, 8.340604466233795, 7.204665306328092, 8.840572331683697, 7.606834355673788, 6.638188081323694, 6.094132745666448, 6.376124251071337, 8.134436898172728, 6.909002853192191, 5.709092673685538, 5.8511859450073, 5.940434769147385, 5.661747949237811, 5.2246563316871795, 5.1079039322753585, 4.872288640626877, 5.049878991621155, 5.1657757309840635, 4.800183703156492, 4.425204083191893, 4.568431230320711, 4.37843501746052, 4.333634610057192, 4.444135218905611, 3.9371636331992566, 3.94423589606298, 3.8834553347752347, 3.8719207776354136, 3.9094919371734216, 3.5991046732274077, 3.520041528555733, 3.5196972851891344, 3.519711655136077, 3.483755387614873, 3.2547543158842975, 3.226036141181903, 3.2617352402464697, 3.237377334823515, 3.2296248185203082], "mae_train": [1.8307998818545792, 1.499537939548293, 0.003561310897371333, 0.00502356951263099, 0.009319902231930284, 1.8525283379382724, 0.4425119095153259, 0.439964872242345, 5.412955312699891, 0.0031720269190539576, 0.558687278213007, 2.157277656566455, 0.6038133010064748, 2.2713108295986775, 2.0458704480023533, 2.4427125607264286, 2.414083837099695, 0.9465525794664476, 0.9335944464837563, 0.8909794263803898, 1.3556381190022093, 1.405198179953818, 2.9616411528029953, 1.4652965438373118, 1.4609577627947865, 2.93612621919457, 2.961149749525004, 2.95820180378284, 2.96058456853724, 2.832613597751903, 2.5016272167241227, 2.493244325722164, 2.5105054173980874, 2.480919762606958, 2.4174558941294473, 2.8190450101223554, 2.8013386515267826, 2.814612566469341, 2.8210135207535094, 2.7990652593816816], "alphas": [0.01, 0.01, 1e-06, 1e-06, 1e-05, 0.01, 0.001, 0.001, 0.1, 1e-06, 0.001, 0.01, 0.001, 0.01, 0.01, 0.01, 0.01, 0.001, 0.001, 0.001, 0.001, 0.001, 0.01, 0.001, 0.001, 0.01, 0.01, 0.01, 0.01, 0.01, 0.001, 0.001, 0.001, 0.001, 0.001, 0.001, 0.001, 0.001, 0.001, 0.001], "num_feats": [8640, 8640, 8640, 8640, 8640, 8640, 8640, 8640, 8640, 8640, 8640, 8640, 8640, 8640, 8640, 8640, 8640, 8640, 8640, 8640, 8640, 8640, 8640, 8640, 8640, 8640, 8640, 8640, 8640, 8640, 8640, 8640, 8640, 8640, 8640, 8640, 8640, 8640, 8640, 8640]},