{"1": {"rmse_test": [0.0, 0.0, 0.0, 0.0, 0.0, 0.0, 0.0, 0.0, 0.0, 0.0, 0.0, 0.0, 0.0, 0.0, 0.0, 0.0, 0.0, 0.0, 0.0, 0.0, 0.0, 0.0, 0.0, 0.0, 0.0, 0.0, 0.0, 0.0, 0.0, 0.0, 0.0, 0.0, 0.0, 0.0, 0.0, 0.0, 0.0, 0.0, 0.0, 0.0], "rmse_train": [0.0, 0.0, 0.0, 0.0, 0.0, 0.0, 0.0, 0.0, 0.0, 0.0, 0.0, 0.0, 0.0, 0.0, 0.0, 0.0, 0.0, 0.0, 0.0, 0.0, 0.0, 0.0, 0.0, 0.0, 0.0, 0.0, 0.0, 0.0, 0.0, 0.0, 0.0, 0.0, 0.0, 0.0, 0.0, 0.0, 0.0, 0.0, 0.0, 0.0], "mae_test": [0.0, 0.0, 0.0, 0.0, 0.0, 0.0, 0.0, 0.0, 0.0, 0.0, 0.0, 0.0, 0.0, 0.0, 0.0, 0.0, 0.0, 0.0, 0.0, 0.0, 0.0, 0.0, 0.0, 0.0, 0.0, 0.0, 0.0, 0.0, 0.0, 0.0, 0.0, 0.0, 0.0, 0.0, 0.0, 0.0, 0.0, 0.0, 0.0, 0.0], "mae_train": [0.0, 0.0, 0.0, 0.0, 0.0, 0.0, 0.0, 0.0, 0.0, 0.0, 0.0, 0.0, 0.0, 0.0, 0.0, 0.0, 0.0, 0.0, 0.0, 0.0, 0.0, 0.0, 0.0, 0.0, 0.0, 0.0, 0.0, 0.0, 0.0, 0.0, 0.0, 0.0, 0.0, 0.0, 0.0, 0.0, 0.0, 0.0, 0.0, 0.0], "alphas": [1e-06, 1e-06, 1e-06, 1e-06, 1e-06, 1e-06, 1e-06, 1e-06, 1e-06, 1e-06, 1e-06, 1e-06, 1e-06, 1e-06, 1e-06, 1e-06, 1e-06, 1e-06, 1e-06, 1e-06, 1e-06, 1e-06, 1e-06, 1e-06, 1e-06, 1e-06, 1e-06, 1e-06, 1e-06, 1e-06, 1e-06, 1e-06, 1e-06, 1e-06, 1e-06, 1e-06, 1e-06, 1e-06, 1e-06, 1e-06], "num_feats": [8640, 8640, 8640, 8640, 8640, 8640, 8640, 8640, 8640, 8640, 8640, 8640, 8640, 8640, 8640, 8640, 8640, 8640, 8640, 8640, 8640, 8640, 8640, 8640, 8640, 8640, 8640, 8640, 8640, 8640, 8640, 8640, 8640, 8640, 8640, 8640, 8640, 8640, 8640, 8640]}, "6": {"rmse_test": [0.33843757609087155, 0.4097446079359983, 0.3667748094703142, 0.29453196996188913, 0.3032765963903727, 0.2364114085054491, 0.22725492149401202, 0.2536059412155196, 0.3024470176175323, 0.23784220190159355, 0.22007885954240222, 0.23421287336266136, 0.21129980477456156, 0.2077136147517369, 0.2039145794658763, 0.1858507629502869, 0.17784033553894535, 0.17648321005525927, 0.18171690882687738, 0.17299687753085094, 0.16031687719056828, 0.15391735007693924, 0.15658806421229857, 0.1582687211469424, 0.15397786295869884, 0.1403093822491709, 0.14555692279097054, 0.1402582745620262, 0.13805632585504676, 0.13604332591964763, 0.12745602558393312, 0.12915316327614235, 0.12638770552971623, 0.13090526764487628, 0.12886364520342017, 0.11676386955634803, 0.1160018603374587, 0.11595236630101494, 0.11631328387076259, 0.11642840707871399], "rmse_train": [0.011844261539646106, 0.0017173925326144255, 0.0012650393242451523, 0.01145448118985547, 0.000973361145516478, 0.07980541904985453, 0.0025434716179741712, 0.08518503946994418, 0.0007637772555388858, 0.0005446180709071001, 0.004297536042310729, 0.0007085921612390332, 0.09200331586955567, 0.08690194092014404, 0.09892902334752253, 0.1064644093945006, 0.10206127950590563, 0.0353515064586618, 0.03627353477251169, 0.0989906356360773, 0.11151840730601323, 0.10823972015866515, 0.10934166449436236, 0.05612698336145861, 0.11023633542631572, 0.12269150555649545, 0.08076725157512606, 0.07564686315777759, 0.11467760901870887, 0.11754208807553174, 0.0987851831075707, 0.12877212072647087, 0.09703419424762326, 0.12902222001002733, 0.12720695355079042, 0.11131633779075265, 0.11153127438614367, 0.11154855230024051, 0.1120061200149985, 0.11186506131306292], "mae_test": [0.23904170516907602, 0.23576168556319338, 0.2179354356295937, 0.17817326679829057, 0.20947731665139763, 0.1650639856251943, 0.15286769604224054, 0.17500542783582754, 0.20320889494980227, 0.16213231793668864, 0.15533856844015023, 0.16654492214140834, 0.1464878488389366, 0.13604060246626928, 0.14399335517963865, 0.1278460218863358, 0.11782030314543775, 0.12122711100075388, 0.125599459837962, 0.11639856543633942, 0.10757764594355773, 0.10243234687577102, 0.105734697744558, 0.10968671732912937, 0.10415318120020697, 0.09496477997009194, 0.1000293897884242, 0.09771775863675486, 0.09297308723757562, 0.0916075276200339, 0.08815233870429157, 0.08711700837194138, 0.08785199934987589, 0.08697293786317446, 0.08661259594823924, 0.07922933847445927, 0.07944909224690647, 0.07957155672590556, 0.07968588027029733, 0.07972872350420622], "mae_train": [0.008074602010783982, 0.0010805071421663907, 0.0008887846031951801, 0.00797943292127758, 0.00028601313414731186, 0.05991428266551119, 0.0018227893649005445, 0.06056469419321494, 0.00019957301305253722, 0.0001815729991471804, 0.0029613053993388793, 0.0002152923455645041, 0.06609116894181015, 0.05948183646089269, 0.06811852138179691, 0.07659632365432861, 0.07105921732675381, 0.025446894546248246, 0.026343936639443927, 0.07030215989213191, 0.07861384546390068, 0.07622058838041708, 0.0786599285149046, 0.04101695395591942, 0.07956844514328576, 0.0863841416963704, 0.05923762947484115, 0.05581993211219398, 0.08020835395834769, 0.08359320827161573, 0.07120531468590378, 0.088524764690431, 0.07047788074779293, 0.08951669171807584, 0.08878507000582311, 0.07894869679018225, 0.07870923268593737, 0.07909480745674335, 0.07935656559061098, 0.07924764291540698], "alphas": [0.001, 0.0001, 0.0001, 0.001, 1e-06, 0.01, 0.0001, 0.01, 1e-06, 1e-06, 0.0001, 1e-06, 0.01, 0.01, 0.01, 0.01, 0.01, 0.001, 0.001, 0.01, 0.01, 0.01, 0.01, 0.001, 0.01, 0.01, 0.001, 0.001, 0.01, 0.01, 0.001, 0.01, 0.001, 0.01, 0.01, 0.001, 0.001, 0.001, 0.001, 0.001], "num_feats": [8640, 8640, 8640, 8640, 8640, 8640, 8640, 8640, 8640, 8640, 8640, 8640, 8640, 8640, 8640, 8640, 8640, 8640, 8640, 8640, 8640, 8640, 8640, 8640, 8640, 8640, 8640, 8640, 8640, 8640, 8640, 8640, 8640, 8640, 8640, 8640, 8640, 8640, 8640, 8640]}, "7": {"rmse_test": [2.7402645787273436, 2.163654406492074, 2.532693982092209, 1.8648122334440476, 2.7912503303948024, 2.6709605403980583, 2.3067118898925125, 1.9848404564105766, 2.64415375303023, 2.1700569098692744, 1.7141425530296048, 1.5714112997607868, 1.660652866388387, 1.87382254917486, 1.943835628019046, 1.3250783343434094, 1.429776517286514, 1.425416701482611, 1.6227861611305683, 1.2967958044974472, 0.8971495810653961, 1.0474854179686903, 1.039906573648538, 1.0808393248090755, 1.0315495905340963, 0.9262217667944823, 0.8868580324130333, 0.8164839230580657, 0.9947864799516997, 0.8742398417480369, 0.7431740189587682, 0.72520575503199, 0.7178881502716729, 0.690992743034517, 0.735482554273784, 0.645304579969859, 0.6418800625629949, 0.6348186662853753, 0.6477146368518261, 0.6606131138831323], "rmse_train": [2.2630494749450816, 0.8263355649176778, 1.4589903065084384, 0.18041518348426233, 2.430796634314334, 0.40414854614250717, 1.2788775262949064, 0.00179794950719856, 0.0017737888523869448, 0.06486314992696733, 1.0881926782255942, 0.02503537305194302, 0.4733880865954003, 0.07509179532736908, 0.12058361227357614, 0.20046072401644335, 0.17532515519777467, 0.17305137994072892, 0.21142900512208498, 0.03712647514865755, 0.26830671702612413, 0.25022280565682586, 0.2609587388324096, 0.2582549830327671, 0.2546902271720072, 0.32080591221308047, 0.31455302985913236, 0.30566634681270405, 0.31783459782241796, 0.3097218302437212, 0.37870723441156645, 0.3660682937459793, 0.3601306733185947, 0.38267993683706997, 0.37336508872953994, 0.4203456150718848, 0.42730186343681176, 0.42010785749746354, 0.423515739454406, 0.42739974711560086], "mae_test": [1.8660443833819527, 1.4622558761028526, 1.4686276692327476, 1.1477582627382885, 1.9320227775571952, 1.567258962017628, 1.4161043695796904, 1.0061596296716246, 1.3938445914345745, 1.169545066520482, 0.9793832180729283, 1.1172389976969475, 0.8635639120928955, 0.8560922707553692, 1.0661965588557363, 0.8371014151428632, 0.804467131833995, 0.8349731548450449, 1.0922223321895295, 0.8695206821577545, 0.6364841103155064, 0.690116255094835, 0.6809597080894424, 0.7009522340471889, 0.684057991686986, 0.6119542434884897, 0.6069515800406708, 0.5665975964599144, 0.6340402977820491, 0.5625983946855744, 0.4857904228419199, 0.48333847189227985, 0.4838772023652095, 0.47587645002585377, 0.4966521543807985, 0.43395727593458344, 0.4301181633596269, 0.4282422741157898, 0.4325033593738803, 0.438911857119505],