{"1": {"rmse_test": [1.1894905998109908, 1.0447507344563767, 1.154621634250725, 1.1454814945936147, 1.060803032779294, 0.8583969046930947, 0.9526122907317395, 0.9430219252313293, 0.8877115879176769, 0.8808246663584895, 0.7952390864898103, 0.7860933981367458, 0.7500915155017165, 0.7748064512289478, 0.7381512310961357, 0.6814746295501752, 0.7130244737231556, 0.7002915106182673, 0.6946398836739125, 0.6859608268863707, 0.6405128316302883, 0.6397546367598458, 0.6421329581439599, 0.62319892456309, 0.6247020529829961, 0.5644457433659689, 0.560719481552626, 0.5719564423567078, 0.5626779692917143, 0.5634025802974578, 0.5111146424201282, 0.5342547158881213, 0.5127792641177891, 0.5101043395142902, 0.5155955877903923, 0.482283899882917, 0.4812111935548692, 0.48231282275392096, 0.4809511346368806, 0.4813111658311896], "rmse_train": [0.00131182637923531, 0.24238881876658855, 0.19938000695881508, 0.20214507239593027, 0.001312986576580308, 0.22982304440064524, 0.2694575597930582, 0.0011796354926865585, 0.22640739601958898, 0.0011099537556412886, 0.28977682445792813, 0.29745237732046725, 0.2683572321864137, 0.2864834013175337, 0.29477818583035426, 0.34363411380619824, 0.3387910784620016, 0.3415651739007696, 0.33847068242472866, 0.33596081779985587, 0.38009401856120595, 0.37902143587037146, 0.38784525873893055, 0.3759689694108164, 0.37852013232355625, 0.41817422168567775, 0.413859665115147, 0.42275681051014036, 0.40901306995398967, 0.4136313203780002, 0.37171123503383574, 0.4443377816915056, 0.37386295813303055, 0.37233895791861993, 0.3737585902298509, 0.4121201528954177, 0.41178812475180554, 0.4144109468478295, 0.41239045212023895, 0.41397921806564547], "mae_test": [0.9037395214021814, 0.7547024533856602, 0.8702015265883093, 0.8483424232505455, 0.7640099578083407, 0.639359371215349, 0.7166137040045804, 0.7189967110567439, 0.6539268715957854, 0.6594213593428155, 0.5976075476580435, 0.5891382029615302, 0.5600530303548212, 0.5773417283194991, 0.5513650342315954, 0.5120083027640095, 0.5368733437715526, 0.5292967071107355, 0.519627393357506, 0.5171159318860614, 0.4879573287928497, 0.4793189830294824, 0.4878157154710297, 0.46829536929442483, 0.4707604879485133, 0.4318623799311161, 0.4267528956693226, 0.43299988888485536, 0.43006967496591664, 0.4297024688389857, 0.3883820409848444, 0.4060400134666758, 0.38701396453840514, 0.3877518031450949, 0.3917896473919877, 0.3652902464584701, 0.36531534583396336, 0.3659706480231735, 0.36483745831325826, 0.36498301430801167], "mae_train": [0.0007095934957966517, 0.17655416468534912, 0.1530800312974723, 0.14810697711756562, 0.0005735594890467487, 0.171906414270095, 0.1996518963645856, 0.0004887694498844683, 0.17572489492153778, 0.00043030533258476986, 0.21778060849102396, 0.22992791772797405, 0.20037257637787498, 0.2117800905658134, 0.22210712473844754, 0.26139247123253784, 0.25783885059214806, 0.2604155098609854, 0.25973764446775366, 0.2569033074831544, 0.2913704569818479, 0.28868576914819477, 0.2984467876003284, 0.2907661906027361, 0.28904988678928156, 0.3195816316786742, 0.3167278062458604, 0.3230582999151945, 0.3123735578736252, 0.31723318326189714, 0.2844951291583487, 0.3377178827017806, 0.2860149118056617, 0.28555482181152525, 0.2865598545948721, 0.3139931239234582, 0.3141333509870455, 0.3155248079770501, 0.31415367734207106, 0.31481351602113933], "alphas": [1e-06, 0.01, 0.01, 0.01, 1e-06, 0.01, 0.01, 1e-06, 0.01, 1e-06, 0.01, 0.01, 0.01, 0.01, 0.01, 0.01, 0.01, 0.01, 0.01, 0.01, 0.01, 0.01, 0.01, 0.01, 0.01, 0.01, 0.01, 0.01, 0.01, 0.01, 0.001, 0.01, 0.001, 0.001, 0.001, 0.001, 0.001, 0.001, 0.001, 0.001], "num_feats": [8640, 8640, 8640, 8640, 8640, 8640, 8640, 8640, 8640, 8640, 8640, 8640, 8640, 8640, 8640, 8640, 8640, 8640, 8640, 8640, 8640, 8640, 8640, 8640, 8640, 8640, 8640, 8640, 8640, 8640, 8640, 8640, 8640, 8640, 8640, 8640, 8640, 8640, 8640, 8640]}, "6": {"rmse_test": [13.16237903354563, 12.260381457532283, 16.373545646663374, 14.957587057509649, 13.075244224573975, 9.014722722995819, 10.789383429868645, 10.822460111506626, 9.27372521922565, 10.568279903954348, 8.056151827871343, 8.122930827609819, 7.997673725215842, 7.929373141442073, 9.113175349258102, 7.60607242668826, 6.954819011416269, 6.694783137872677, 6.90588127952454, 7.027638053865997, 6.321117927141064, 6.143049772637613, 6.006650163537068, 6.345504240693428, 6.126319304790394, 5.583530580268372, 5.459068539532521, 5.428587364962629, 5.51471740986037, 5.423595960331474, 4.927978847645881, 5.039445309384951, 4.96434267613003, 4.98669666972201, 5.140081111555637, 4.691127588413648, 4.685646290249288, 4.67410981962307, 4.707271031871856, 4.708547356895522], "rmse_train": [0.5504083321532812, 6.1926178571691555, 15.53113071400862, 2.74761212023915, 2.699053213499424, 2.978159781064663, 7.722719984656931, 0.20844128030934872, 3.2601767509048263, 3.1311991216279873, 3.3625265012300747, 3.682289051093616, 3.4487833413631117, 3.6169433162720717, 3.8477759965690717, 3.8421773928216933, 4.006790914555338, 4.017977912846542, 4.128372645581012, 2.0363853176218583, 4.591258024910519, 4.265733679745074, 4.489619791955608, 4.402151101525727, 4.3937685876025725, 4.622799821038747, 3.720090833334668, 3.6279622694161597, 4.852484446105005, 3.817059332960345, 4.182485868175257, 4.3643074331561085, 4.196807380181531, 4.213322929019914, 4.994743911114465, 4.580278511879951, 4.579223627216781, 4.573674544669183, 4.584324257202981, 4.596380779992489], "mae_test": [9.324757004388136, 8.26033641718789, 12.316405025731319, 10.008884265717265, 8.495001825088796, 6.28331805406557, 7.410708121253327, 7.24511952443262, 6.437583303742876, 7.360813157405127, 5.57444334449954, 5.942392139543726, 5.55425666444927, 5.617213609738477, 6.407842622232432, 5.077630929150288, 4.931564752235859, 4.837367014547289, 4.9128191608078495, 5.016437887828786, 4.56273070309549, 4.38187937470633, 4.256997304951451, 4.505810114288199, 4.393489988616829, 4.0108260308279275, 3.9157028194936174, 3.8660241688766126, 3.961466124488593, 3.9326315707021062, 3.560120370110779, 3.6453788682756603, 3.574838169090835, 3.560647375387609, 3.6866381283353706, 3.3858806718057695, 3.381024899122869, 3.38039666373492, 3.391877780687694, 3.400685948147073], "mae_train": [0.4040350779771126, 4.323892958601084, 11.064736874132105, 2.0496705314378416, 2.029677165425202, 2.171164665036387, 5.697062955350275, 0.1396175787573429, 2.3211465971493217, 2.306752869573168, 2.54283246534353, 2.7159235840970526, 2.514346647531416, 2.717591586795692, 2.7743876695172633, 2.8746366178486653, 3.0149571600020892, 2.9936859192352276, 3.101601818648263, 1.5452608900994154, 3.3867363168912687, 3.20040131946623, 3.311109068280186, 3.287991365276971, 3.2456137274396233, 3.4455204166106883, 2.797829505550484, 2.751533574458345, 3.5689457031341743, 2.8756382475199382, 3.1317042758314173, 3.268881071902207, 3.1349416527811442, 3.146313698357778, 3.6741604795642813, 3.3752445780455003, 3.3760117971453907, 3.3690393346253997, 3.3758211193037417, 3.383820667639112], "alphas": [0.001, 0.1, 1.0, 0.01, 0.01, 0.01, 0.1, 0.0001, 0.01, 0.01, 0.01, 0.01, 0.01, 0.01, 0.01, 0.01, 0.01, 0.01, 0.01, 0.001, 0.01, 0.01, 0.01, 0.01, 0.01, 0.01, 0.001, 0.001, 0.01, 0.001, 0.001, 0.001, 0.001, 0.001, 0.01, 0.001, 0.001, 0.001, 0.001, 0.001], "num_feats": [3780, 3780, 3780, 3780, 3780, 3780, 3780, 3780, 3780, 3780, 3780, 3780, 3780, 3780, 3780, 3780, 3780, 3780, 3780, 3780, 3780, 3780, 3780, 3780, 3780, 3780, 3780, 3780, 3780, 3780, 3780, 3780, 3780, 3780, 3780, 3780, 3780, 3780, 3780, 3780]},