{"1": {"rmse_test": [1.1001756175542854, 1.1577377468507832, 1.2187404330023703, 1.5217309744471315, 1.0933281874559975, 0.8925912396084981, 0.8629846834806681, 0.9041611564761896, 0.8525248342200117, 0.943809018280702, 0.7982917668129145, 0.7464982669017143, 0.8198722746229749, 0.9248094110675404, 0.8842200411752783, 0.6934849962790353, 0.6683317852982072, 0.6921517548429565, 0.7274705582858265, 0.7032321814541159, 0.6195377643856358, 0.6178308915107877, 0.6145054554911715, 0.625923454203823, 0.6526479474768855, 0.5630333370652747, 0.5680091852494913, 0.5747671351732424, 0.5600964904379732, 0.5685319340321818, 0.5213460540550549, 0.5228867268519639, 0.5225105320350018, 0.5060579205375134, 0.5294445078720521, 0.481002611168517, 0.48267843641397973, 0.4803376406364814, 0.48146199470620255, 0.4802805523957997], "rmse_train": [0.0018004671582848458, 0.003650617835250806, 0.5664742350727388, 0.19765830686616487, 0.0013251580418971109, 0.24754780844352828, 0.23594213251361862, 0.05336477332286222, 0.267093062887025, 0.24288717994783912, 0.2967097641058795, 0.28199515336156794, 0.260876923529595, 0.6386551639993078, 0.6180786841376914, 0.33807085794751157, 0.3420447824542782, 0.33457771156266075, 0.3351487643732794, 0.34006144418673445, 0.3842635473626903, 0.38023941734395283, 0.39395649834717056, 0.3869511629568145, 0.3887200705317574, 0.4207166948399011, 0.40214227573865274, 0.4355110892867659, 0.41691162021405054, 0.41516739076980996, 0.44539301904175077, 0.45034740007128404, 0.437794042472895, 0.371510714528786, 0.43776106888843525, 0.4124057511243837, 0.4137664958005555, 0.4152608916591208, 0.41375905046786354, 0.4137908870955201], "mae_test": [0.801054406043088, 0.8773575995089247, 0.907118816481007, 1.1652522265458143, 0.8000765128780631, 0.6709115344078446, 0.6406522497393677, 0.6754252722107479, 0.6398580869543182, 0.7077405522706983, 0.6029387030338047, 0.551806571864316, 0.6092009795954402, 0.6804321200373136, 0.6608642423389735, 0.5225099078306534, 0.5027252395946816, 0.5252850932943252, 0.5479298733143999, 0.5259443488130006, 0.4667460753003634, 0.46285953625438514, 0.46562391158036226, 0.4722848745578208, 0.4912971987653954, 0.42989347255980576, 0.43202079322001524, 0.43655726961422586, 0.423282985526778, 0.43577344241052934, 0.39685363810755875, 0.3987201903427804, 0.39795017903973184, 0.3843038804847728, 0.4024281908827725, 0.36514005536866123, 0.3658663378237482, 0.3643963130671704, 0.3651225670746207, 0.3646262385846723], "mae_train": [0.0010377595451110464, 0.002592807306678676, 0.4222046101410581, 0.1468659006372908, 0.0006333053194453955, 0.19668431518276364, 0.18546048500960421, 0.03961234150812724, 0.19473355161756556, 0.17753146931738745, 0.22248772147161924, 0.216483108716233, 0.19905138454849575, 0.47707215798256747, 0.4567044174533739, 0.25875741115920803, 0.2639094027072505, 0.2588011208121403, 0.2504337754913574, 0.26395371410385315, 0.2945284028007302, 0.29226971609921004, 0.3002510017846605, 0.2973404555122524, 0.2953311360134389, 0.32227013267433285, 0.3087445369667041, 0.33209507730896776, 0.3192431711997369, 0.31812213662524874, 0.33949187131771175, 0.34191222946302596, 0.33466932441646924, 0.28505460908234975, 0.33514631516832, 0.3140212051085105, 0.31543139049565483, 0.3158382872423392, 0.3151557299301961, 0.3151226270994783], "alphas": [1e-05, 0.0001, 0.1, 0.01, 1e-06, 0.01, 0.01, 0.001, 0.01, 0.01, 0.01, 0.01, 0.01, 0.1, 0.1, 0.01, 0.01, 0.01, 0.01, 0.01, 0.01, 0.01, 0.01, 0.01, 0.01, 0.01, 0.01, 0.01, 0.01, 0.01, 0.01, 0.01, 0.01, 0.001, 0.01, 0.001, 0.001, 0.001, 0.001, 0.001], "num_feats": [8640, 8640, 8640, 8640, 8640, 8640, 8640, 8640, 8640, 8640, 8640, 8640, 8640, 8640, 8640, 8640, 8640, 8640, 8640, 8640, 8640, 8640, 8640, 8640, 8640, 8640, 8640, 8640, 8640, 8640, 8640, 8640, 8640, 8640, 8640, 8640, 8640, 8640, 8640, 8640]}, "6": {"rmse_test": [10.978212735911479, 10.67617276837148, 11.708783583735642, 10.856247696486765, 14.831390045546705, 10.209425896792546, 8.58201754392958, 10.056140221662417, 9.98913366792633, 10.234593074891794, 7.812351582573329, 8.016463163644229, 8.284860412562747, 8.030000231631874, 8.204561131877693, 6.8898912210867485, 6.858878696146263, 6.858807194255579, 6.897141209366734, 6.8582594292873456, 6.093676658449836, 6.237499536181997, 5.97304217768607, 6.202665916784768, 6.166044301084593, 5.466541720390524, 5.543200691792812, 5.466375132191334, 5.52381035883293, 5.5320694422058985, 4.88346600716019, 5.029220171054047, 4.97298964607277, 5.00761106770455, 4.950172656003022, 4.482408135655766, 4.504133755927523, 4.506478240044993, 4.5195971364791525, 4.512139517446557], "rmse_train": [0.05024351705138482, 0.5804018515472956, 0.06598925225483862, 0.468158981121738, 0.005503435291935181, 2.725833513558056, 2.609410738025982, 2.313106553155835, 2.431874175666205, 0.010129200364630374, 2.9235477590939833, 0.8311061402029597, 2.873147007059205, 2.8458529747671286, 2.981089825366333, 3.165966908591353, 1.3197021086885783, 3.3487821620882334, 3.327548510428435, 3.3433195284322803, 3.6874404053094985, 3.7657922273195577, 3.750734970803084, 3.7266822973394254, 3.70124166971009, 3.9880618629036557, 4.039807912149853, 4.048631129599867, 2.57888656070426, 3.9630097501724535, 3.3216625480184465, 4.370745967338574, 3.3531128635652654, 4.250619841131175, 3.2949148130755597, 3.797354019156902, 3.7824230297458503, 3.7980646274782712, 3.7899194879794793, 3.8018167812373007], "mae_test": [7.745120681469186, 7.308357196139274, 7.798934806376238, 7.493683282438101, 9.720489844297493, 6.876588995838557, 5.871147629061038, 6.837836715606483, 7.253426733455362, 7.042700363389477, 5.427479955889508, 5.711732720146481, 5.66005338685149, 5.670711614041476, 5.849887313704906, 4.8624395783478835, 4.853501090319673, 4.906541694538497, 4.873738275271923, 4.947254012863053, 4.30228404875539, 4.3745870822444735, 4.3228541441755945, 4.451223083226961, 4.388057380053307, 3.8795282332096535, 3.9551312300943504, 3.9287173204523267, 3.8144459619380684, 3.9110118473608906, 3.5298865780711712, 3.6172877027987402, 3.503153615358142, 3.609566115197675, 3.554007307029714, 3.2191168504077496, 3.2539838023063434, 3.2607763381202455, 3.2571704859084387, 3.249175953874058], "mae_train": [0.036807703883957446, 0.36999020500274094, 0.04016501223091306, 0.3285644348174778, 0.002687453595101548, 1.990014874606071, 1.9416183475533437, 1.7534580238295339, 1.7523610161728436, 0.004432643645061184, 2.0896379207532205, 0.5838559850166055, 2.173196625403508, 2.084488341732936, 2.2470457169681084, 2.3330824670748007, 0.9761927439900647, 2.50205667367191, 2.502495639085266, 2.563862871048458, 2.7290079747456812, 2.8362100797530814, 2.7872291260966984, 2.781114582829766, 2.7680174622813056, 2.9320105475754716, 3.023531585575861, 2.992960591358192, 1.9339018615860237, 2.953039610912426, 2.496778761938281, 3.1863767147562347, 2.5184797104426164, 3.1467803787139967, 2.4754860862011356, 2.821836668067265, 2.808696527699412, 2.81791524487374, 2.816531333329713, 2.825020101585625], "alphas": [0.0001, 0.001, 0.0001, 0.001, 1e-06, 0.01, 0.01, 0.01, 0.01, 1e-06, 0.01, 0.001, 0.01, 0.01, 0.01, 0.01, 0.001, 0.01, 0.01, 0.01, 0.01, 0.01, 0.01, 0.01, 0.01, 0.01, 0.01, 0.01, 0.001, 0.01, 0.001, 0.01, 0.001, 0.01, 0.001, 0.001, 0.001, 0.001, 0.001, 0.001], "num_feats": [8640, 8640, 8640, 8640, 8640, 8640, 8640, 8640, 8640, 8640, 8640, 8640, 8640, 8640, 8640, 8640, 8640, 8640, 8640, 8640, 8640, 8640, 8640, 8640, 8640, 8640, 8640, 8640, 8640, 8640, 8640, 8640, 8640, 8640, 8640, 8640, 8640, 8640, 8640, 8640]},