{"1": {"rmse_test": [0.0, 0.0, 0.0, 0.0, 0.0, 0.0, 0.0, 0.0, 0.0, 0.0, 0.0, 0.0, 0.0, 0.0, 0.0, 0.0, 0.0, 0.0, 0.0, 0.0, 0.0, 0.0, 0.0, 0.0, 0.0, 0.0, 0.0, 0.0, 0.0, 0.0, 0.0, 0.0, 0.0, 0.0, 0.0, 0.0, 0.0, 0.0, 0.0, 0.0], "rmse_train": [0.0, 0.0, 0.0, 0.0, 0.0, 0.0, 0.0, 0.0, 0.0, 0.0, 0.0, 0.0, 0.0, 0.0, 0.0, 0.0, 0.0, 0.0, 0.0, 0.0, 0.0, 0.0, 0.0, 0.0, 0.0, 0.0, 0.0, 0.0, 0.0, 0.0, 0.0, 0.0, 0.0, 0.0, 0.0, 0.0, 0.0, 0.0, 0.0, 0.0], "mae_test": [0.0, 0.0, 0.0, 0.0, 0.0, 0.0, 0.0, 0.0, 0.0, 0.0, 0.0, 0.0, 0.0, 0.0, 0.0, 0.0, 0.0, 0.0, 0.0, 0.0, 0.0, 0.0, 0.0, 0.0, 0.0, 0.0, 0.0, 0.0, 0.0, 0.0, 0.0, 0.0, 0.0, 0.0, 0.0, 0.0, 0.0, 0.0, 0.0, 0.0], "mae_train": [0.0, 0.0, 0.0, 0.0, 0.0, 0.0, 0.0, 0.0, 0.0, 0.0, 0.0, 0.0, 0.0, 0.0, 0.0, 0.0, 0.0, 0.0, 0.0, 0.0, 0.0, 0.0, 0.0, 0.0, 0.0, 0.0, 0.0, 0.0, 0.0, 0.0, 0.0, 0.0, 0.0, 0.0, 0.0, 0.0, 0.0, 0.0, 0.0, 0.0], "alphas": [1e-06, 1e-06, 1e-06, 1e-06, 1e-06, 1e-06, 1e-06, 1e-06, 1e-06, 1e-06, 1e-06, 1e-06, 1e-06, 1e-06, 1e-06, 1e-06, 1e-06, 1e-06, 1e-06, 1e-06, 1e-06, 1e-06, 1e-06, 1e-06, 1e-06, 1e-06, 1e-06, 1e-06, 1e-06, 1e-06, 1e-06, 1e-06, 1e-06, 1e-06, 1e-06, 1e-06, 1e-06, 1e-06, 1e-06, 1e-06], "num_feats": [8640, 8640, 8640, 8640, 8640, 8640, 8640, 8640, 8640, 8640, 8640, 8640, 8640, 8640, 8640, 8640, 8640, 8640, 8640, 8640, 8640, 8640, 8640, 8640, 8640, 8640, 8640, 8640, 8640, 8640, 8640, 8640, 8640, 8640, 8640, 8640, 8640, 8640, 8640, 8640]}, "6": {"rmse_test": [0.07532649132663437, 0.08293880450206836, 0.06972232212081803, 0.07008295661052286, 0.07994140242969042, 0.056335526278930986, 0.06231016086464096, 0.05875337013994052, 0.05666634960768937, 0.05937250586634666, 0.05133320002131948, 0.052452826616564224, 0.050157755834437316, 0.050514650605646735, 0.0529624049050042, 0.04268751435183155, 0.04337699833516327, 0.04196174463715597, 0.04233355282937111, 0.0430214014632144, 0.037259721684850956, 0.037876374564975904, 0.03651784895158089, 0.03773554920208229, 0.03762572075303843, 0.033308574019309665, 0.03431277273172325, 0.03387487803059851, 0.03350452423863393, 0.03356979065154846, 0.030181652840671865, 0.030237871101254712, 0.030785966282728467, 0.030816866516821487, 0.02987521837711043, 0.027431616360665458, 0.027593333394277244, 0.02760814101114884, 0.02759699807457437, 0.027493214999308728], "rmse_train": [0.004525965056219864, 0.0005309099631625741, 0.00033786331585748707, 0.0031465489905072117, 0.00014201205287538862, 8.66123391839591e-05, 0.004120752416215511, 0.004428982932755767, 0.0005988488282867541, 0.00025873194251373226, 0.019897967127292894, 0.006408435880911298, 0.02065769328320176, 0.023153715889985188, 0.006336618994590893, 0.025503481648294263, 0.023556085984391635, 0.025144524543786295, 0.00941225548100701, 0.023408785630501507, 0.026179502604031072, 0.02603626463827462, 0.025783480207805125, 0.024692189848937708, 0.026803895143367555, 0.026485135424387286, 0.01774291564635807, 0.01670025990701723, 0.026601896138059678, 0.027365392578249187, 0.022346670125297733, 0.022277134657898604, 0.02928179794078081, 0.022153345318138732, 0.02203423501206783, 0.02509765520887006, 0.025090361421013972, 0.025085104644845316, 0.025007789094682903, 0.024973537829820203], "mae_test": [0.05557596990466027, 0.05962765931434884, 0.04851837787189254, 0.05021895636045665, 0.05728611943689785, 0.04032894559190337, 0.045543386559788845, 0.04265502377091604, 0.04107769102682538, 0.04256382542891019, 0.036791829633697405, 0.03792407289179045, 0.03552257191942418, 0.0358791155436679, 0.03790066296185184, 0.030528433063708005, 0.03062290946459192, 0.03032493645243561, 0.030660643034708012, 0.030487818485495418, 0.02631254157138863, 0.026542774267005464, 0.02588474522706323, 0.02656278742658233, 0.026105724812061415, 0.023397606858841076, 0.024549617558769266, 0.02418178695894281, 0.0235730354142398, 0.023548987303794736, 0.02164180630629797, 0.02168774578507125, 0.021694555986064148, 0.022151946700008703, 0.02147572648744374, 0.019717421073752843, 0.019820109987426615, 0.019888142148305855, 0.01988764614024152, 0.0197540788602545], "mae_train": [0.00316088999745727, 0.0003331558496790033, 7.7198072077115e-05, 0.0022280570958247347, 8.49376304648047e-05, 5.833800393823415e-05, 0.0030426933240426906, 0.003113878295437704, 0.00043101154419203824, 5.4650007456154875e-05, 0.014913143822714863, 0.004558184298336418, 0.014467250766050752, 0.016724653631650203, 0.004616472480791437, 0.018626268756708406, 0.016888982317916103, 0.018263053071283734, 0.006815102746863606, 0.016880055267743558, 0.019044499293156304, 0.018998584195587993, 0.018599618404921636, 0.018174246935147575, 0.019823802274624998, 0.019409093873341346, 0.013261955959060651, 0.012542007911898558, 0.019708962729462792, 0.019873335445603855, 0.016772197820181703, 0.016704946496250726, 0.021494100785059214, 0.016606905907918156, 0.016606783870327685, 0.018688419891313177, 0.01864617641120098, 0.018682483137228163, 0.018583297839696148, 0.018575572167205893], "alphas": [0.001, 0.0001, 1e-05, 0.001, 1e-05, 1e-05, 0.001, 0.001, 0.0001, 1e-06, 0.01, 0.001, 0.01, 0.01, 0.001, 0.01, 0.01, 0.01, 0.001, 0.01, 0.01, 0.01, 0.01, 0.01, 0.01, 0.01, 0.001, 0.001, 0.01, 0.01, 0.001, 0.001, 0.01, 0.001, 0.001, 0.001, 0.001, 0.001, 0.001, 0.001], "num_feats": [8640, 8640, 8640, 8640, 8640, 8640, 8640, 8640, 8640, 8640, 8640, 8640, 8640, 8640, 8640, 8640, 8640, 8640, 8640, 8640, 8640, 8640, 8640, 8640, 8640, 8640, 8640, 8640, 8640, 8640, 8640, 8640, 8640, 8640, 8640, 8640, 8640, 8640, 8640, 8640]}, "7": {"rmse_test": [0.4810019528333344, 0.5771460521512305, 0.5829587648999155, 0.46461359734208546, 0.3674072078447362, 0.28537020903658883, 0.3226257982158799, 0.5059683636157761, 0.37690259130183057, 0.31559203902042543, 0.47462015646776784, 0.2648482545773561, 0.23109942136701644, 0.22169720933405718, 0.25166300371653305, 0.21782907260773682, 0.2348218158309944, 0.20109478930042265, 0.19835220249867064, 0.21053954451603468, 0.16898171194947284, 0.16768813214297074, 0.17617954463899038, 0.15847611750117396, 0.18167020922525495, 0.13185366639505755, 0.1401522711850462, 0.14743656354456106, 0.1403630195662879, 0.15443386861907446, 0.1236527506929342, 0.12998152825824835, 0.1272926890869207, 0.11954189497469321, 0.12227970693939032, 0.1052780124120181, 0.10574363327130801, 0.10490134875351508, 0.10656799011308686, 0.10926239227046401], "rmse_train": [0.0004696018761885849, 0.15706818842574355, 0.2982446210376908, 0.0004032188393982123, 0.17949919788742577, 0.058529466411880594, 0.14406002664988765, 0.06911010963529574, 0.18623017649640033, 0.0003174948482319059, 0.0833972833095734, 0.0759835442184302, 0.0011081976451747094, 0.08231425974135308, 0.0010424414565920526, 0.0942157622078302, 0.032397491151998185, 0.037990174732007345, 0.09232229468162102, 0.08483354835702213, 0.09956190157702928, 0.09324293758613425, 0.0472283331877411, 0.0928940965966466, 0.044623766123275024, 0.09907919179536913, 0.10069215613703993, 0.09509639392857523, 0.059140360834121476, 0.05749678128089915, 0.06915605515973464, 0.07082397299489965, 0.06811002161957053, 0.06721902641646632, 0.06860730071860897, 0.07492223631811583, 0.07537538190447633, 0.07474949000552288, 0.07475925811210021, 0.07510302278063818],