{"1": {"rmse_test": [0.011133998459844537, 0.013135226252801247, 0.010470537166162718, 0.011838379309309664, 0.014089848580528017, 0.009917214323035767, 0.010290359601101558, 0.010125658105773474, 0.008930248843369718, 0.009573041512977715, 0.00815537330420524, 0.008591568652446068, 0.008332758453974362, 0.008640526756015466, 0.008028786779004725, 0.007244886746409443, 0.007272024068543838, 0.007478811562447006, 0.007138921478678773, 0.007341815936624455, 0.007982464908901522, 0.008157140037994984, 0.007722118564168965, 0.008274577139654243, 0.006252994454939595, 0.005644038719562911, 0.005620294364487773, 0.005493277504228705, 0.005502298116498406, 0.006429697902441569, 0.004972770030961964, 0.004958510231079724, 0.004901898837271434, 0.004920540740649917, 0.004924215025818083, 0.0045932148297410085, 0.004594300145601937, 0.0046009889120634815, 0.004590017070991965, 0.004608815873555933], "rmse_train": [0.0006106220498853631, 0.0003259662188720068, 0.0029185230978999634, 0.00219291081959355, 0.0003715749181349484, 0.00023366496093802286, 0.0027601492465405527, 0.0025863502840868203, 0.0029436642734979837, 0.0030109720097815213, 0.0035628852570351323, 0.0033494534045833894, 0.0034972875850146287, 0.0011388862290108868, 0.003548745516794857, 0.0040132923717965405, 0.00404787217116786, 0.004019683514501361, 0.004201703820968068, 0.004191674725920698, 0.0025562331381078288, 0.0025750537648058657, 0.00275819782971438, 0.0026163493365909903, 0.002626136499127974, 0.004723203754503336, 0.004692898836130735, 0.0033992746977136957, 0.00346371845350892, 0.006921059459092378, 0.003974898843015995, 0.0039920298803675066, 0.003992994512000723, 0.00403013208779628, 0.004006147753702562, 0.004367345230961246, 0.004362245660764491, 0.004374639450264775, 0.004348613204530606, 0.004357428912350493], "mae_test": [0.007733497528710348, 0.009645063719952404, 0.00723882221649318, 0.008176809651623053, 0.010776933934689625, 0.0071762052140458745, 0.007333567324735549, 0.0072026372661179484, 0.006364445574560005, 0.007051287427650291, 0.006024500471196002, 0.006260401794606777, 0.006179577262515124, 0.006500673441388823, 0.005939422256166394, 0.005434735541009046, 0.00536300331595463, 0.005520810513416833, 0.005332217106000873, 0.005437467583866615, 0.004868990268073849, 0.00481738673309315, 0.004760671452067445, 0.004703583099201756, 0.00473314476125893, 0.004310312972890185, 0.00432128868034654, 0.004253228172126128, 0.0042548169828833336, 0.004824582368007507, 0.003858655651852541, 0.003850625344298271, 0.00381607610862079, 0.003839111621226168, 0.00384266594043498, 0.0036182769928056044, 0.0036188707999255535, 0.0036293586385425557, 0.0036148794314756496, 0.0036306958329711063], "mae_train": [0.00043229106016295026, 3.377016237773811e-05, 0.0022064124952152165, 0.0015647344464166963, 3.649640534682453e-05, 2.11021935048684e-05, 0.0020978692956589236, 0.0020132274343146197, 0.0022493398471301307, 0.0022924294970748764, 0.002743456562093353, 0.0025430249461140413, 0.0026682820541396477, 0.0008284225733654916, 0.002742734529069757, 0.0030646489234606167, 0.0031212959018892383, 0.003077024107591643, 0.003220285356086735, 0.0032545380715881633, 0.001957445548461606, 0.001972592967339976, 0.0021230601502523214, 0.0019963623532443407, 0.0020210136951072056, 0.003660273658495187, 0.0036619712010925944, 0.0026602194995668975, 0.0027016475248833266, 0.005228285765020649, 0.003136742061907468, 0.003131575754556777, 0.0031558490818956097, 0.0031679252453993526, 0.0031560100440316667, 0.003442421447244041, 0.003435849914887804, 0.003446932751557027, 0.0034215213046276676, 0.0034344262107882657], "alphas": [0.001, 1e-05, 0.01, 0.01, 1e-05, 1e-06, 0.01, 0.01, 0.01, 0.01, 0.01, 0.01, 0.01, 0.001, 0.01, 0.01, 0.01, 0.01, 0.01, 0.01, 0.001, 0.001, 0.001, 0.001, 0.001, 0.01, 0.01, 0.001, 0.001, 0.1, 0.001, 0.001, 0.001, 0.001, 0.001, 0.001, 0.001, 0.001, 0.001, 0.001], "num_feats": [8640, 8640, 8640, 8640, 8640, 8640, 8640, 8640, 8640, 8640, 8640, 8640, 8640, 8640, 8640, 8640, 8640, 8640, 8640, 8640, 8640, 8640, 8640, 8640, 8640, 8640, 8640, 8640, 8640, 8640, 8640, 8640, 8640, 8640, 8640, 8640, 8640, 8640, 8640, 8640]}, "6": {"rmse_test": [0.032027580720141516, 0.036584503687349966, 0.031308772915079525, 0.03643179822638347, 0.03473987439579485, 0.029564722964515483, 0.029100684904578056, 0.02720971725185529, 0.03060500902691701, 0.027858560183334876, 0.02597216364328786, 0.025114812255303924, 0.02453026506477322, 0.02506184052373795, 0.024227423019158718, 0.02246246169214805, 0.021480417392574398, 0.0217879959016787, 0.022044090424175922, 0.02172846779739543, 0.019162145726681686, 0.018532680795187606, 0.01821794133068916, 0.018729103965213188, 0.018568301371143278, 0.016765275620469953, 0.016933659478818246, 0.016345838199148477, 0.016787067371332412, 0.016967024114774257, 0.014835554922153547, 0.014725561893994085, 0.014673526738498362, 0.014578859717133828, 0.014565318506409825, 0.013245797302793546, 0.013383648025325972, 0.013392903540595398, 0.013391571137499565, 0.013265233001571822], "rmse_train": [0.0005317455877376177, 0.022622848358135807, 0.007406755734969561, 0.00031732881040726297, 0.0015795005650355307, 0.025254584160473787, 4.3889638560506846e-05, 0.0007065180267595877, 0.002295794410243678, 0.0002612732041158926, 0.0029242114764620936, 0.010027028659715486, 0.009683936201953295, 0.010400802192442448, 0.009884627629133431, 0.011532568616645913, 0.010516854076307557, 0.00424328710243226, 0.004509920484815638, 0.01127221456301921, 0.012878985112711565, 0.012957077029206007, 0.006377394956099861, 0.01276636590219038, 0.011676519158749392, 0.008910270326264676, 0.01345900560990377, 0.013436118299562969, 0.01345523408023562, 0.008824622630614107, 0.010823628171535045, 0.010505700017680135, 0.010695178835682547, 0.01059400338478316, 0.010855422408048158, 0.012102517261995958, 0.012063646271318645, 0.012103174743216646, 0.012047301238019874, 0.012089836177803], "mae_test": [0.02324507109006884, 0.026732799890523143, 0.021664050861640482, 0.0268615651775232, 0.02541207963141529, 0.021192437577757857, 0.02120572024289427, 0.020118826032765748, 0.021815813825435956, 0.020784333034002955, 0.01858719935369681, 0.017290617423057285, 0.017455835632302203, 0.01747195868822634, 0.016995725417273833, 0.015885274991279917, 0.01526921493888301, 0.015806436030197654, 0.015864808075452805, 0.015600012483879239, 0.013523921998143444, 0.013446494912063794, 0.013217804524113957, 0.013574211443257194, 0.01321969148620534, 0.01215786245863129, 0.012208631709487668, 0.011855635810006362, 0.01206769275297209, 0.012279057935481829, 0.01081106958734245, 0.010673533891371063, 0.01071153398884018, 0.010546259385654188, 0.010707839749971285, 0.009714241777837918, 0.009804110560224523, 0.009826774736712618, 0.00982228989824936, 0.00974626377416191], "mae_train": [0.000255314039814236, 0.015450043151756448, 0.005558753542690576, 4.337718702882073e-05, 0.0010456183518476154, 0.017430539455058288, 1.7035012776817522e-05, 0.0001410229384531583, 0.001582993255932269, 2.8604142115554218e-05, 0.0020626230697701657, 0.007542951315831933, 0.0072494370864451775, 0.007690935793601057, 0.007261531279341856, 0.00868569328602832, 0.007868630071322281, 0.0030763252042661647, 0.003382599369042554, 0.008562988977650858, 0.009553770071150281, 0.009699823182930344, 0.004812370543244901, 0.009583169429585123, 0.008758680671505984, 0.006734772131196307, 0.009978010106403416, 0.01011721469035213, 0.00992131295265752, 0.006650245293570692, 0.008131481755640949, 0.00789963300949199, 0.008081262914066844, 0.008016102489730724, 0.00825547386426543, 0.009071582685276344, 0.00904401511659521, 0.0090492674472451, 0.009019914924371748, 0.009033095231583592], "alphas": [0.0001, 0.1, 0.01, 1e-06, 0.001, 0.1, 1e-06, 1e-05, 0.001, 1e-06, 0.001, 0.01, 0.01, 0.01, 0.01, 0.01, 0.01, 0.001, 0.001, 0.01, 0.01, 0.01, 0.001, 0.01, 0.01, 0.001, 0.01, 0.01, 0.01, 0.001, 0.001, 0.001, 0.001, 0.001, 0.001, 0.001, 0.001, 0.001, 0.001, 0.001],