{"1": {"rmse_test": [0.0, 0.0, 0.0, 0.0, 0.0, 0.0, 0.0, 0.0, 0.0, 0.0, 0.0, 0.0, 0.0, 0.0, 0.0, 0.0, 0.0, 0.0, 0.0, 0.0, 0.0, 0.0, 0.0, 0.0, 0.0, 0.0, 0.0, 0.0, 0.0, 0.0, 0.0, 0.0, 0.0, 0.0, 0.0, 0.0, 0.0, 0.0, 0.0, 0.0], "rmse_train": [0.0, 0.0, 0.0, 0.0, 0.0, 0.0, 0.0, 0.0, 0.0, 0.0, 0.0, 0.0, 0.0, 0.0, 0.0, 0.0, 0.0, 0.0, 0.0, 0.0, 0.0, 0.0, 0.0, 0.0, 0.0, 0.0, 0.0, 0.0, 0.0, 0.0, 0.0, 0.0, 0.0, 0.0, 0.0, 0.0, 0.0, 0.0, 0.0, 0.0], "mae_test": [0.0, 0.0, 0.0, 0.0, 0.0, 0.0, 0.0, 0.0, 0.0, 0.0, 0.0, 0.0, 0.0, 0.0, 0.0, 0.0, 0.0, 0.0, 0.0, 0.0, 0.0, 0.0, 0.0, 0.0, 0.0, 0.0, 0.0, 0.0, 0.0, 0.0, 0.0, 0.0, 0.0, 0.0, 0.0, 0.0, 0.0, 0.0, 0.0, 0.0], "mae_train": [0.0, 0.0, 0.0, 0.0, 0.0, 0.0, 0.0, 0.0, 0.0, 0.0, 0.0, 0.0, 0.0, 0.0, 0.0, 0.0, 0.0, 0.0, 0.0, 0.0, 0.0, 0.0, 0.0, 0.0, 0.0, 0.0, 0.0, 0.0, 0.0, 0.0, 0.0, 0.0, 0.0, 0.0, 0.0, 0.0, 0.0, 0.0, 0.0, 0.0], "alphas": [1e-06, 1e-06, 1e-06, 1e-06, 1e-06, 1e-06, 1e-06, 1e-06, 1e-06, 1e-06, 1e-06, 1e-06, 1e-06, 1e-06, 1e-06, 1e-06, 1e-06, 1e-06, 1e-06, 1e-06, 1e-06, 1e-06, 1e-06, 1e-06, 1e-06, 1e-06, 1e-06, 1e-06, 1e-06, 1e-06, 1e-06, 1e-06, 1e-06, 1e-06, 1e-06, 1e-06, 1e-06, 1e-06, 1e-06, 1e-06], "num_feats": [8640, 8640, 8640, 8640, 8640, 8640, 8640, 8640, 8640, 8640, 8640, 8640, 8640, 8640, 8640, 8640, 8640, 8640, 8640, 8640, 8640, 8640, 8640, 8640, 8640, 8640, 8640, 8640, 8640, 8640, 8640, 8640, 8640, 8640, 8640, 8640, 8640, 8640, 8640, 8640]}, "6": {"rmse_test": [2.842170943040401e-14, 2.842170943040401e-14, 5.684341886080802e-14, 2.842170943040401e-14, 2.842170943040401e-14, 0.0, 0.0, 2.842170943040401e-14, 0.0, 2.842170943040401e-14, 0.0, 2.842170943040401e-14, 0.0, 0.0, 2.842170943040401e-14, 0.0, 0.0, 0.0, 5.684341886080802e-14, 0.0, 5.684341886080802e-14, 5.684341886080802e-14, 5.684341886080802e-14, 5.684341886080802e-14, 5.684341886080802e-14, 2.842170943040401e-14, 5.684341886080802e-14, 8.526512829121202e-14, 2.842170943040401e-14, 8.526512829121202e-14, 2.842170943040401e-14, 2.842170943040401e-14, 5.684341886080802e-14, 2.842170943040401e-14, 5.684341886080802e-14, 2.842170943040401e-14, 2.842170943040401e-14, 2.842170943040401e-14, 2.842170943040401e-14, 0.0], "rmse_train": [2.842170943040401e-14, 2.842170943040401e-14, 5.684341886080802e-14, 2.842170943040401e-14, 2.842170943040401e-14, 0.0, 0.0, 2.842170943040401e-14, 0.0, 2.842170943040401e-14, 0.0, 2.842170943040401e-14, 0.0, 0.0, 2.842170943040401e-14, 0.0, 0.0, 0.0, 5.684341886080802e-14, 0.0, 5.684341886080802e-14, 5.684341886080802e-14, 5.684341886080802e-14, 5.684341886080802e-14, 5.684341886080802e-14, 2.842170943040401e-14, 5.684341886080802e-14, 8.526512829121202e-14, 2.842170943040401e-14, 8.526512829121202e-14, 2.842170943040401e-14, 2.842170943040401e-14, 5.684341886080802e-14, 2.842170943040401e-14, 5.684341886080802e-14, 2.842170943040401e-14, 2.842170943040401e-14, 2.842170943040401e-14, 2.842170943040401e-14, 0.0], "mae_test": [2.842170943040401e-14, 2.842170943040401e-14, 5.684341886080802e-14, 2.842170943040401e-14, 2.842170943040401e-14, 0.0, 0.0, 2.842170943040401e-14, 0.0, 2.842170943040401e-14, 0.0, 2.842170943040401e-14, 0.0, 0.0, 2.842170943040401e-14, 0.0, 0.0, 0.0, 5.684341886080802e-14, 0.0, 5.684341886080802e-14, 5.684341886080802e-14, 5.684341886080802e-14, 5.684341886080802e-14, 5.684341886080802e-14, 2.842170943040401e-14, 5.684341886080802e-14, 8.526512829121202e-14, 2.842170943040401e-14, 8.526512829121202e-14, 2.842170943040401e-14, 2.842170943040401e-14, 5.684341886080802e-14, 2.842170943040401e-14, 5.684341886080802e-14, 2.842170943040401e-14, 2.842170943040401e-14, 2.842170943040401e-14, 2.842170943040401e-14, 0.0], "mae_train": [2.842170943040401e-14, 2.842170943040401e-14, 5.684341886080802e-14, 2.842170943040401e-14, 2.842170943040401e-14, 0.0, 0.0, 2.842170943040401e-14, 0.0, 2.842170943040401e-14, 0.0, 2.842170943040401e-14, 0.0, 0.0, 2.842170943040401e-14, 0.0, 0.0, 0.0, 5.684341886080802e-14, 0.0, 5.684341886080802e-14, 5.684341886080802e-14, 5.684341886080802e-14, 5.684341886080802e-14, 5.684341886080802e-14, 2.842170943040401e-14, 5.684341886080802e-14, 8.526512829121202e-14, 2.842170943040401e-14, 8.526512829121202e-14, 2.842170943040401e-14, 2.842170943040401e-14, 5.684341886080802e-14, 2.842170943040401e-14, 5.684341886080802e-14, 2.842170943040401e-14, 2.842170943040401e-14, 2.842170943040401e-14, 2.842170943040401e-14, 0.0], "alphas": [1e-06, 1e-06, 1e-06, 1e-06, 1e-06, 1e-06, 1e-06, 1e-06, 1e-06, 1e-06, 1e-06, 1e-06, 1e-06, 1e-06, 1e-06, 1e-06, 1e-06, 1e-06, 1e-06, 1e-06, 1e-06, 1e-06, 1e-06, 1e-06, 1e-06, 1e-06, 1e-06, 1e-06, 1e-06, 1e-06, 1e-06, 1e-06, 1e-06, 1e-06, 1e-06, 1e-06, 1e-06, 1e-06, 1e-06, 1e-06], "num_feats": [8640, 8640, 8640, 8640, 8640, 8640, 8640, 8640, 8640, 8640, 8640, 8640, 8640, 8640, 8640, 8640, 8640, 8640, 8640, 8640, 8640, 8640, 8640, 8640, 8640, 8640, 8640, 8640, 8640, 8640, 8640, 8640, 8640, 8640, 8640, 8640, 8640, 8640, 8640, 8640]}, "7": {"rmse_test": [2.842170943040401e-14, 0.0, 2.842170943040401e-14, 0.0, 2.842170943040401e-14, 2.842170943040401e-14, 2.842170943040401e-14, 2.842170943040401e-14, 5.684341886080802e-14, 2.842170943040401e-14, 2.842170943040401e-14, 2.842170943040401e-14, 0.0, 2.842170943040401e-14, 2.842170943040401e-14, 0.0, 5.684341886080802e-14, 0.0, 0.0, 2.842170943040401e-14, 2.842170943040401e-14, 2.842170943040401e-14, 2.842170943040401e-14, 5.684341886080802e-14, 0.0, 8.526512829121202e-14, 5.684341886080802e-14, 8.526512829121202e-14, 8.526512829121202e-14, 5.684341886080802e-14, 5.684341886080802e-14, 5.684341886080802e-14, 8.526512829121202e-14, 5.684341886080802e-14, 5.684341886080802e-14, 5.684341886080802e-14, 8.526512829121202e-14, 8.526512829121202e-14, 8.526512829121202e-14, 8.526512829121202e-14], "rmse_train": [2.842170943040401e-14, 0.0, 2.842170943040401e-14, 0.0, 2.842170943040401e-14, 2.842170943040401e-14, 2.842170943040401e-14, 2.842170943040401e-14, 5.684341886080802e-14, 2.842170943040401e-14, 2.842170943040401e-14, 2.842170943040401e-14, 0.0, 2.842170943040401e-14, 2.842170943040401e-14, 0.0, 5.684341886080802e-14, 0.0, 0.0, 2.842170943040401e-14, 2.842170943040401e-14, 2.842170943040401e-14, 2.842170943040401e-14, 5.684341886080802e-14, 0.0, 8.526512829121202e-14, 5.684341886080802e-14, 8.526512829121202e-14, 8.526512829121202e-14, 5.684341886080802e-14, 5.684341886080802e-14, 5.684341886080802e-14, 8.526512829121202e-14, 5.684341886080802e-14, 5.684341886080802e-14, 5.684341886080802e-14, 8.526512829121202e-14, 8.526512829121202e-14, 8.526512829121202e-14, 8.526512829121202e-14], "mae_test": [2.842170943040401e-14, 0.0, 2.842170943040401e-14, 0.0, 2.842170943040401e-14, 2.842170943040401e-14, 2.842170943040401e-14, 2.842170943040401e-14, 5.684341886080802e-14, 2.842170943040401e-14, 2.842170943040401e-14, 2.842170943040401e-14, 0.0, 2.842170943040401e-14, 2.842170943040401e-14, 0.0, 5.684341886080802e-14, 0.0, 0.0, 2.842170943040401e-14, 2.842170943040401e-14, 2.842170943040401e-14, 2.842170943040401e-14, 5.684341886080802e-14, 0.0, 8.526512829121202e-14, 5.684341886080802e-14, 8.526512829121202e-14, 8.526512829121202e-14, 5.684341886080802e-14, 5.684341886080802e-14, 5.684341886080802e-14, 8.526512829121202e-14, 5.684341886080802e-14, 5.684341886080802e-14, 5.684341886080802e-14, 8.526512829121202e-14, 8.526512829121202e-14, 8.526512829121202e-14, 8.526512829121202e-14],