{"1": {"rmse_test": [0.49023922455787955, 0.4156466745938589, 0.4335833830342556, 0.4290630758787, 0.39848120779097274, 0.4551461910080968, 0.4881051898900656, 0.38781742814045295, 0.5142260849064313, 0.47552870128813957, 0.4363182451869075, 0.3729774299814326, 0.3999781255542577, 0.4167935527533012, 0.4059882367907756, 0.3888404191067938, 0.3700845715171369, 0.3884007988835224, 0.4069955742944585, 0.42050041569362034, 0.39073180877401087, 0.3791246998263776, 0.39244291122001757, 0.3888296920760044, 0.4183457498171253, 0.3740723262245159, 0.35837171132088813, 0.3812759034045622, 0.4024119656486338, 0.3795460759401497, 0.3756849062461963, 0.37002517132285406, 0.3732903720474346, 0.3776037827993919, 0.37412035561677515, 0.3634844706120882, 0.36186086133999046, 0.36234123683678865, 0.36053332673067395, 0.3623319471516942], "rmse_train": [0.7956351438831393, 0.483569777442281, 0.053146191327712006, 0.2392857910802885, 0.4817489349403646, 0.7139901678032502, 0.3526564919522221, 0.1989866903406531, 0.4361397590595264, 0.033558047678197485, 0.4237088070001164, 0.4190073259519484, 0.3003762861203414, 0.3012001130752964, 0.30018081567057, 0.32846489251587263, 0.30490144125465646, 0.3102535732843937, 0.34259766765392313, 0.353006168228009, 0.36520267182737387, 0.3290460425309057, 0.38907862364224743, 0.3706317779719539, 0.382545675705964, 0.37087688516055567, 0.3598127600601692, 0.35538242512384716, 0.40880413147844347, 0.3949210064193389, 0.3407216272677875, 0.34885805964966776, 0.3447439367988718, 0.346881850885716, 0.34203515331839524, 0.360564490931852, 0.3630456305863349, 0.3620395060801141, 0.35967409218593765, 0.35935525763532866], "mae_test": [0.3769962047313265, 0.32201779052809876, 0.3298622541335369, 0.3256061705431482, 0.302653459581806, 0.3451001659352901, 0.38362352896030527, 0.2963287670186721, 0.3951574535725422, 0.36554923226496466, 0.3351999357866519, 0.2813589399077877, 0.30379978386668083, 0.31535284459813145, 0.3075827933636355, 0.2945216620199241, 0.2778579980440593, 0.29450257509693456, 0.30753572097410403, 0.3194223770643019, 0.29586578843081685, 0.2858490319167789, 0.29809296046323863, 0.2967919068094441, 0.3199376855213361, 0.28320780900569925, 0.2696311970414046, 0.28660624614763336, 0.30674330792338966, 0.289077696982058, 0.28480378067663314, 0.2805512787170677, 0.2841857497990986, 0.28743272349090193, 0.28447501411026577, 0.27493748783840033, 0.2739471525738171, 0.2739833269616957, 0.27274851816167267, 0.2742387494497921], "mae_train": [0.47588875045109585, 0.3179444988597, 0.03869597986052893, 0.17805994868636668, 0.3580116601554679, 0.4068315279331054, 0.25987213945526344, 0.1530360982074486, 0.29760350594310325, 0.023572152733472178, 0.275049842136822, 0.32929214581744715, 0.22460580558477625, 0.21679413445804024, 0.2221404460756405, 0.24661277525282743, 0.22484195038570529, 0.23774607256291078, 0.25365602151933464, 0.25085205072624245, 0.2643760881430163, 0.2424771727971791, 0.2816981139474089, 0.26044706692017816, 0.27280794067523234, 0.2695198808227124, 0.26595381025751247, 0.2612166436245445, 0.2931032389252625, 0.28370351072563177, 0.24639588749558852, 0.25134303345298986, 0.24882225071916925, 0.2485106649714616, 0.24789433911766118, 0.25886918033229533, 0.2613610605756941, 0.26042193825995574, 0.25920686659761794, 0.25902373192504397], "alphas": [1000.0, 1.0, 0.01, 0.1, 10.0, 1000.0, 0.1, 0.1, 0.1, 0.001, 0.1, 1.0, 0.1, 0.1, 0.1, 0.1, 0.1, 0.1, 0.1, 0.1, 0.1, 0.1, 0.1, 0.1, 0.1, 0.1, 0.1, 0.1, 0.1, 0.1, 0.01, 0.01, 0.01, 0.01, 0.01, 0.01, 0.01, 0.01, 0.01, 0.01], "num_feats": [8640, 8640, 8640, 8640, 8640, 8640, 8640, 8640, 8640, 8640, 8640, 8640, 8640, 8640, 8640, 8640, 8640, 8640, 8640, 8640, 8640, 8640, 8640, 8640, 8640, 8640, 8640, 8640, 8640, 8640, 8640, 8640, 8640, 8640, 8640, 8640, 8640, 8640, 8640, 8640]}, "6": {"rmse_test": [0.4411925657675699, 0.6708797444661283, 0.43963081500199097, 0.4789685957065863, 0.5714105222936434, 0.4380991180440658, 0.5027999975043814, 0.4197512632982257, 0.4657820744245796, 0.4011947032696331, 0.41617242210150385, 0.40206310475380996, 0.5873278765711283, 0.5199194712106253, 0.4233214924711033, 0.462301634751846, 0.4296313463438434, 0.441796875123337, 0.4470092164673382, 0.40597021325976596, 0.4013099864786602, 0.4591029303243589, 0.3884875258142332, 0.41108786650709805, 0.41421397960613426, 0.4357509173876322, 0.4373422850900314, 0.4400425698566471, 0.4839895301144416, 0.42639587196624357, 0.44370510063001445, 0.4473761762476706, 0.3821564320740586, 0.45792676577457736, 0.4449529502256753, 0.41947671002658776, 0.42534982838695995, 0.42401295613867324, 0.4285724970047404, 0.4256602475509355], "rmse_train": [0.44980608046091014, 0.9586982915557222, 0.5364045906040062, 0.07931461426403233, 0.2008851998468129, 0.5458710350047378, 0.922823808091225, 0.24538922158846313, 0.6319267353787902, 0.4313137341279521, 0.4736283434389967, 0.272837005317677, 0.7923936467480603, 0.4515214692428408, 0.6955018115170694, 0.447616003380135, 0.5692255582736125, 0.41144197289869816, 0.3407622271146556, 0.3785400407010925, 0.418121790742228, 0.4224893732846318, 0.3941032025494146, 0.4300287049998003, 0.38763307212656295, 0.45208394360411047, 0.4356639809612145, 0.480807342742223, 0.5014876501595262, 0.39889540878121194, 0.41208628165461997, 0.3987630514997853, 0.44611092981803124, 0.41527975286437047, 0.4714652076543013, 0.4190109913244245, 0.43175360914037003, 0.4306578029075402, 0.43538318375018353, 0.43439336479469304], "mae_test": [0.33539618284228473, 0.552596157494127, 0.3282621658560239, 0.37031884442875407, 0.43684854225877956, 0.33131255272852145, 0.3839426400274879, 0.31810292412094726, 0.3568896346397049, 0.30487165398589744, 0.3145168807418804, 0.306050331217239, 0.46555387621366234, 0.40591859462686725, 0.3157945813052549, 0.35261976719989413, 0.322044137448002, 0.34248039910973266, 0.3440118604039234, 0.306513767666905, 0.3065138726081754, 0.3542944892528013, 0.2949542105936354, 0.31530766464713816, 0.3167057350754729, 0.33261770621532744, 0.3345947854432904, 0.3381759039746385, 0.3741542401855493, 0.32452809249774295, 0.3397726422801648, 0.343067440582702, 0.2910369599191985, 0.3516095557815739, 0.3404808337455725, 0.32038202332542776, 0.32512223660865425, 0.3234405004599016, 0.32763137167611533, 0.32512145338584897], "mae_train": [0.35512190110076286, 0.6369223260124148, 0.3927283120991623, 0.059822437263754545, 0.15566994679115848, 0.4123838063231951, 0.5443826838819978, 0.18822203808751822, 0.4676510732402877, 0.3136122679078244, 0.3294618411997577, 0.20923432280528123, 0.48988851174835624, 0.27937051798077633, 0.4397032176724134, 0.31060187813242757, 0.3775005618386761, 0.2860318668152961, 0.2571510802567319, 0.26345883020955, 0.2866865379126812, 0.2965490135660507, 0.27484396071955197, 0.30885453726058104, 0.2928406822935638, 0.31785176811794214, 0.30519133357984213, 0.3360021171826982, 0.3460756344373339, 0.2956277743710701, 0.2868145636222798, 0.28456117917196544, 0.3112404461094556, 0.2894371401655418, 0.32587155385797495, 0.29181828414082467, 0.29816825347546433, 0.29742943315916515, 0.30074064671637163, 0.30096473800007334], "alphas": [1.0, 1000.0, 1000.0, 0.01, 0.1, 10.0, 100.0, 0.1, 10.0, 1.0, 1.0, 0.1, 10.0, 0.1, 100.0, 0.1, 1.0, 0.1, 0.1, 0.1, 0.1, 0.1, 0.1, 0.1, 0.1, 0.1, 0.1, 0.1, 0.1, 0.1, 0.01, 0.01, 0.1, 0.01, 0.1, 0.01, 0.01, 0.01, 0.01, 0.01], "num_feats": [8640, 8640, 8640, 8640, 8640, 8640, 8640, 8640, 8640, 8640, 8640, 8640, 8640, 8640, 8640, 8640, 8640, 8640, 8640, 8640, 8640, 8640, 8640, 8640, 8640, 8640, 8640, 8640, 8640, 8640, 8640, 8640, 8640, 8640, 8640, 8640, 8640, 8640, 8640, 8640]},