{"1": {"rmse_test": [3.2020344063610073, 3.269237471194905, 3.2859891545789064, 3.19191313338905, 3.2630074356487246, 3.333947099573033, 3.2099784535598164, 3.288906851052025, 3.3014967113775255, 3.2399036158735246, 3.2639577225177536, 3.2078300192992604, 3.203644548999271, 3.2333564048478594, 3.3032741677293265, 3.2920614897657305], "rmse_train": [3.484971075295845, 3.497636106332584, 3.498604906230673, 3.4958303233432213, 3.478290253024177, 3.507372064597209, 3.4845756438128785, 3.504340393548401, 3.516897665290278, 3.5038372538515974, 3.4995314830631914, 3.4888290608295818, 3.5036270478195903, 3.507054051315222, 3.4620435625732773, 3.500029519857849], "mae_test": [2.6557749789725764, 2.729455578084313, 2.763032204839764, 2.6827687556838224, 2.740829966556987, 2.7802967365623106, 2.7056343826643956, 2.7395174460423064, 2.7636989299541614, 2.700918589980106, 2.7385078711846234, 2.657522895723885, 2.7031503117424522, 2.7126028191778144, 2.7669577980883453, 2.7465754332064036], "mae_train": [2.7350487158661476, 2.7456260794174665, 2.7468305151520798, 2.7402760003779343, 2.7273917670533447, 2.751845711651626, 2.7354546767662953, 2.752408869035169, 2.767682065957761, 2.7498467627835663, 2.7500835127743457, 2.7453612618358396, 2.75588161062934, 2.7501069392826887, 2.72101303490432, 2.749420759222969], "alphas": [], "num_feats": [8640, 8640, 8640, 8640, 8640, 8640, 8640, 8640, 8640, 8640, 8640, 8640, 8640, 8640, 8640, 8640]}, "6": {"rmse_test": [62.24682839948137, 62.060009119773476, 62.62710525017345, 61.41492522153114, 64.20261361615141, 60.83872879903815, 61.828055469994226, 61.7946122803597, 61.34907445601256, 62.38426148388303, 62.459772865424284, 63.16207695853908, 62.46190289712117, 63.18178046050268, 62.17486898183734, 62.7281773230869], "rmse_train": [30.713019122034, 30.41709988109128, 30.751555542766223, 30.55866920562857, 31.046829230529227, 31.539366467351805, 30.57629990127486, 30.32539592608713, 31.425404134130215, 30.983104772361372, 31.244465565251485, 31.043401354146912, 30.964970183163402, 30.74827589521749, 30.64504589220045, 30.85329666314759], "mae_test": [49.223847577999294, 49.311579515759526, 49.82592961558283, 48.8687639589207, 51.29465231532996, 47.97335971683578, 48.88016654578783, 48.836119836828985, 49.064782242968775, 50.00443515063079, 49.68317750743691, 49.948668098036066, 49.49708315225947, 49.7061269426501, 48.50991473266789, 49.09092236547179], "mae_train": [20.67410093152475, 20.438354370809087, 20.713457804175196, 20.46291118435711, 20.99116098352396, 21.222187951994286, 20.545563101389966, 20.40779395755105, 21.134966255325782, 20.851361828552616, 21.170328167460646, 20.920972981233064, 20.854764490022262, 20.80053963603714, 20.537453688658893, 20.784704349531776], "alphas": [], "num_feats": [8640, 8640, 8640, 8640, 8640, 8640, 8640, 8640, 8640, 8640, 8640, 8640, 8640, 8640, 8640, 8640]}, "7": {"rmse_test": [111.34039669742121, 114.22372841857651, 114.13170521082982, 114.7488974970905, 114.97288857492376, 114.42657526764033, 117.67865230415971, 117.70628825857513, 115.07472764433976, 114.25376613187358, 115.33822314232246, 121.78377114677535, 114.53195349740038, 112.10744686081017, 113.47920384854613, 115.64536074019101], "rmse_train": [112.10635762896486, 111.0282249115642, 111.32611017330747, 111.30551093583391, 111.0900294209468, 111.73965562877439, 110.54994674613668, 111.93119218778519, 112.2690265469022, 111.3145405069099, 111.08177460860486, 110.92415415023503, 110.37528278874163, 110.42337509541731, 111.97849864258738, 111.72364300593497], "mae_test": [95.17884440966805, 97.63943145419906, 99.4047466487022, 100.82536216261552, 101.44427836774116, 99.26424556762802, 101.5274891291505, 100.88119724589241, 99.18346456278748, 100.05451838063344, 98.6798976989832, 106.93524226920013, 98.72755924363175, 97.42272885255117, 97.54791912147257, 100.27078978055363], "mae_train": [95.74598267499334, 94.82827072043075, 94.97080093431663, 95.00586411115596, 94.93779398420325, 95.53117536475096, 94.4690770621668, 95.6777133551414, 95.8675622174576, 95.17354369116107, 94.62523321620793, 94.82047537710848, 94.12417364574094, 94.34794208490534, 95.70923729724171, 95.60881513518524], "alphas": [], "num_feats": [8640, 8640, 8640, 8640, 8640, 8640, 8640, 8640, 8640, 8640, 8640, 8640, 8640, 8640, 8640, 8640]}, "8": {"rmse_test": [207.66799109338774, 192.67828942021671, 196.1398716499045, 203.46361908272146, 198.0378442596798, 194.9977605068503, 202.40086635255113, 201.81737220813963, 202.19524956470326, 200.60243278908095, 202.50642062270683, 194.04064675939665, 196.36799273858168, 197.214939752873, 197.18186111891552, 200.77061784944425], "rmse_train": [187.37457120076675, 188.2595768733287, 189.47502659708468, 187.69586211407628, 187.52354940492327, 187.85581524154105, 186.38210585399062, 187.9954053738557, 186.60280289892088, 187.75767945704914, 187.73973328465362, 187.91711071257117, 186.9044706421364, 187.71607968993104, 189.02061082835306, 188.6356730139804], "mae_test": [176.1931911859426, 163.1081918043091, 166.2784403668952, 173.54621488034607, 169.35265374163615, 163.19744329045807, 171.7727732994289, 171.0919089449526, 169.5928533234131, 170.76201287798247, 170.94069901247317, 164.39122633927664, 165.4265291641682, 165.04080160781263, 165.51694518958666, 170.46331836177586], "mae_train": [156.32659901182598, 157.30779575442367, 158.6677363346083, 156.9871083674042, 156.28659464973097, 157.00726319676764, 155.0904907974252, 157.0724691649293, 155.37453439637133, 156.95859260039185, 156.79552146762344, 157.19983240900018, 155.91203656010694, 157.08066573724346, 158.52552062298616, 157.37746553105669], "alphas": [], "num_feats": [8640, 8640, 8640, 8640, 8640, 8640, 8640, 8640, 8640, 8640, 8640, 8640, 8640, 8640, 8640, 8640]}}