{"1": {"alpha_v1": 1.808965624062133, "alpha_v2": 1.6776043575988893, "beta_v1": 0.496761225216513, "beta_v2": 0.30912162455472425, "gamma_v1": -0.46672494698550754, "gamma_v2": -0.4368276184772088}, "6": {"alpha_v1": 2.210277620042518, "alpha_v2": 1.7064184542152485, "beta_v1": 4.002445421879009, "beta_v2": 2.246657939569581, "gamma_v1": -0.33617908110771716, "gamma_v2": 0.14358309897528984}, "7": {"alpha_v1": 3.55218691754296, "alpha_v2": 2.6165645464620155, "beta_v1": 4.142727439710182, "beta_v2": 2.0532810901295426, "gamma_v1": -0.49423925266233026, "gamma_v2": -0.14755035858839435}, "8": {"alpha_v1": 9.895962620849629, "alpha_v2": 2.3683889149495743, "beta_v1": 2.1172007960322894, "beta_v2": 7.272693909980972, "gamma_v1": -1.2380774528390122, "gamma_v2": -0.2092589573119279}}