{"1": {"alpha_v1": 5.264697553705114, "alpha_v2": 2.3125608719835578, "beta_v1": 0.47014161640355634, "beta_v2": 0.381711653090391, "gamma_v1": -1.0310230503181945, "gamma_v2": -0.18009186034314514}, "6": {"alpha_v1": -14.69689551523673, "alpha_v2": 2.5362833081390255, "beta_v1": 0.0014320040380762181, "beta_v2": 3.1813288087607305, "gamma_v1": -1.2713321925091527, "gamma_v2": -0.03463650558325676}, "7": {"alpha_v1": 25.049987076330606, "alpha_v2": 3.1051791560778197, "beta_v1": 7.59525876547383, "beta_v2": 5.137310440045232, "gamma_v1": -0.8775227119426188, "gamma_v2": 0.1439865358964517}, "8": {"alpha_v1": -29.595500912108754, "alpha_v2": 1.8282591415810656, "beta_v1": 12.930910077463134, "beta_v2": 11.749028721028983, "gamma_v1": -0.9268985800325558, "gamma_v2": 0.35660676009679954}}