{"1": {"rmse_test": [0.6717379373276098, 0.5940354818226287, 0.5454132180506472, 0.5253800380020401, 0.5127179928611318, 0.5017317337024411, 0.49671128871741826, 0.4940613728086953], "rmse_train": [0.6962691032387688, 0.6012591387525842, 0.5382997169723783, 0.4935877264253454, 0.4663169420880478, 0.44884219494001637, 0.4375032259368566, 0.4306225620255273], "mae_test": [0.518713885678135, 0.45349528668200945, 0.41696122164194566, 0.40107483796707244, 0.39087281767097526, 0.38320766157407693, 0.3795697685799204, 0.3777617775737282], "mae_train": [0.5236860165719922, 0.45264618785603805, 0.40704101074520627, 0.37488515407157597, 0.35471353548999496, 0.3415827374137529, 0.3328876077754783, 0.327638120522546], "alphas": [0.001, 0.001, 0.001, 0.001, 0.001, 0.001, 0.001, 0.001], "num_feats": [540, 1200, 2250, 3780, 5880, 8640, 12150, 16500]}, "6": {"rmse_test": [6.602556408271813, 5.660213739510563, 5.03484247027541, 4.709393410505259, 4.553048997956118, 4.477855605024906, 4.45329660263198, 4.417476626659978], "rmse_train": [7.533271775774913, 6.208909237682125, 5.22550970095167, 4.614812187187304, 4.22826710271518, 3.979642443182728, 3.8221372637802125, 3.7368088415360763], "mae_test": [4.816513803587734, 4.071337244732168, 3.641952845134884, 3.424015747091791, 3.3107468680829544, 3.2558045207663966, 3.229240982782115, 3.208461323904417], "mae_train": [5.455530217224267, 4.5245299506310195, 3.843265976364988, 3.414736667911198, 3.142461444183619, 2.9686419194045106, 2.85249018401102, 2.792181382221597], "alphas": [0.001, 0.001, 0.0001, 0.0001, 0.0001, 0.0001, 0.0001, 0.0001], "num_feats": [540, 1200, 2250, 3780, 5880, 8640, 12150, 16500]}, "7": {"rmse_test": [26.42199814410622, 21.028698815797604, 16.394368819249866, 15.726264777966499, 15.55120148840378, 15.143775730516376, 15.210267273614829, 15.081320237468018], "rmse_train": [26.87445643861834, 18.659836195650563, 12.450917163427187, 9.78777973390456, 8.220126636592727, 7.330524154652455, 6.690950351212158, 6.340675672887541], "mae_test": [19.10060830521063, 15.06027044960002, 11.758725265911774, 10.612010557777593, 10.318720412636104, 10.120029129189515, 9.922356699736365, 9.746612540838644], "mae_train": [17.855749184743175, 13.073133269775015, 9.072736850264496, 7.221883144180108, 6.084567568514615, 5.448346576822395, 4.973068517464574, 4.711108977734048], "alphas": [0.001, 0.001, 0.0001, 0.0001, 0.0001, 0.0001, 0.0001, 0.0001], "num_feats": [540, 1200, 2250, 3780, 5880, 8640, 12150, 16500]}, "8": {"rmse_test": [33.093929440570456, 24.49949140026249, 20.316333056671535, 19.14680359690569, 18.7555175487852, 18.43002062766966, 18.24908748976853, 18.085211408966405], "rmse_train": [32.63565549552195, 23.609828199212537, 18.745811733505562, 16.5506829422875, 15.246361371840932, 14.458872037503605, 14.029418622617968, 13.803988646566403], "mae_test": [24.691486993140117, 18.08877823041524, 14.864901548867996, 13.851441463719267, 13.431422319450332, 13.218382389088635, 13.165419152747475, 12.987572593147565], "mae_train": [23.591232477134554, 16.82110875640673, 13.308288972160833, 11.78750522689773, 10.920402591834092, 10.363816761624271, 10.03530191592666, 9.872037329230151], "alphas": [0.001, 0.001, 0.001, 0.001, 0.001, 0.001, 0.001, 0.001], "num_feats": [540, 1200, 2250, 3780, 5880, 8640, 12150, 16500]}}