{"1": {"rmse_test": [0.691578357492086, 0.6077552433678699, 0.5485716419785444, 0.5153465494743699, 0.49474621659625184, 0.4791648163693447, 0.4714706373328724, 0.46878407161426033], "rmse_train": [0.7233393436142814, 0.6164010254753329, 0.5399758404514986, 0.4876038386836535, 0.44823234387145566, 0.4162713634993144, 0.3929555939897808, 0.3735408556913614], "mae_test": [0.5327737103573152, 0.46430421924790505, 0.41815931946666907, 0.3924084466034395, 0.3752698196711288, 0.3635112010742791, 0.3573244508161443, 0.3558303979332653], "mae_train": [0.5393357647434766, 0.462691346209443, 0.4077684353891909, 0.3699492587952866, 0.34094349145058767, 0.31679967097450873, 0.29920316760172744, 0.2839768345611915], "alphas": [0.001, 0.001, 0.001, 0.001, 0.001, 0.001, 0.001, 0.001], "num_feats": [540, 1200, 2250, 3780, 5880, 8640, 12150, 16500]}, "6": {"rmse_test": [6.239285157317348, 5.483117863048458, 5.014082258923506, 4.673880184622478, 4.533702270061555, 4.469749184788153, 4.434139304923369, 4.3701352441765655], "rmse_train": [7.090736598785271, 5.978733167587273, 5.217093375065343, 4.605975551378313, 4.199920879426438, 3.828731715022722, 3.5453361271680426, 3.3161164266378482], "mae_test": [4.479129249996743, 3.9806419295761173, 3.6102518240971024, 3.3727601369254696, 3.2919712770442424, 3.225492604115464, 3.20697654685871, 3.172770024310147], "mae_train": [5.073949621498927, 4.3452189020784315, 3.816246615580373, 3.3899094704367796, 3.1050048021544976, 2.8388747999637527, 2.6401148419851297, 2.4808337133312968], "alphas": [0.001, 0.001, 0.001, 0.001, 0.001, 0.001, 0.001, 0.001], "num_feats": [540, 1200, 2250, 3780, 5880, 8640, 12150, 16500]}, "7": {"rmse_test": [22.172935232841912, 16.377854071313994, 15.456074708426092, 14.833284421605851, 14.356611819102572, 14.128794845857756, 14.27920322695119, 14.336315520814605], "rmse_train": [20.93801017343851, 14.76855249217269, 11.937707067358339, 10.255094546819702, 9.038784288327017, 8.421417621661455, 7.947755816132779, 7.621533827050516], "mae_test": [15.729642636847469, 11.315167272801226, 10.424043865980353, 9.709771868102276, 9.384901761252394, 9.263555271769023, 9.307452168550542, 9.218231753691882], "mae_train": [14.162884369289218, 10.214016338337094, 8.387919072405069, 7.263014118972803, 6.411195703368018, 5.949792736523765, 5.640279157213332, 5.412836025297596], "alphas": [0.0001, 0.0001, 0.0001, 0.0001, 0.0001, 0.0001, 0.0001, 0.0001], "num_feats": [540, 1200, 2250, 3780, 5880, 8640, 12150, 16500]}, "8": {"rmse_test": [29.655976624378116, 21.131395769589005, 18.32916562489379, 18.013214553853242, 17.534778500926127, 17.39557821041069, 17.21800775322165, 17.15326255862224], "rmse_train": [30.710869065335814, 21.20722120845754, 17.526291622172135, 15.215448950723127, 13.520382370172902, 12.365497920684993, 11.513282240423335, 10.957664631582645], "mae_test": [21.739603104912668, 15.323872933136478, 13.314588927656986, 12.776411011442692, 12.532435247851408, 12.54250556315, 12.367029898085665, 12.298716235303528], "mae_train": [22.095739835825363, 15.010180867264332, 12.462714855001812, 10.888416087911299, 9.704015454653764, 8.917726523280542, 8.27469956539323, 7.874359680325807], "alphas": [0.001, 0.001, 0.001, 0.001, 0.001, 0.001, 0.001, 0.001], "num_feats": [540, 1200, 2250, 3780, 5880, 8640, 12150, 16500]}}