{"1": {"rmse_test": [1.2129455377550813, 1.2211625976142138, 1.2183869368034614, 1.2145690269026677, 1.2103082480856229, 1.216443409325298, 1.2162659609906719, 1.215462462121927, 1.2115623330618284, 1.216643578862631, 1.2172106691435993, 1.2202993386300371, 1.2241386335171192, 1.2112260917353634, 1.2159642888880224, 1.2176816561735764], "rmse_train": [4.939762552103665, 4.922868637724361, 4.928664460261596, 4.891795607558741, 4.895278262577101, 4.898014757199993, 4.9596682710470255, 4.938106487159689, 4.918760689127617, 4.898538153656786, 4.885427468382227, 4.905677823975436, 4.879841064148863, 4.901234868177747, 4.928753430605712, 4.960632239580272], "mae_test": [0.9353167814229639, 0.9420500749057203, 0.9395572216732992, 0.9364320386686683, 0.932588582993257, 0.9388704193759617, 0.9390762115482739, 0.9378585373541372, 0.9335417097272536, 0.9383209459953918, 0.93870529637795, 0.9410597263827751, 0.9444796012970397, 0.933460348830488, 0.9379799436664786, 0.9383745189970675], "mae_train": [3.770432840583317, 3.749369635473177, 3.7790936398843273, 3.7239375322253916, 3.7390920563900933, 3.734565000213672, 3.801054414912218, 3.7737048249153666, 3.765281531405899, 3.7222083596627376, 3.7184065574223433, 3.740180546332492, 3.716983929366549, 3.725286125967671, 3.7609333985390956, 3.791762325820232], "alphas": [], "num_feats": [60, 60, 60, 60, 60, 60, 60, 60, 60, 60, 60, 60, 60, 60, 60, 60]}, "6": {"rmse_test": [9.269739568852973, 9.255090559890391, 9.270414028170093, 9.296918994940082, 9.279289231642379, 9.275622889313887, 9.314017454567374, 9.276229934523164, 9.279580805583997, 9.29330504385282, 9.241432308113797, 9.261003667041663, 9.282307560417623, 9.279397089084506, 9.277111741867476, 9.27562644990155], "rmse_train": [75.476239589918, 74.88512568740305, 75.40339821613857, 75.7806153618869, 75.1788779917117, 75.65138820004269, 75.42588823135132, 75.443886732317, 75.02310023872329, 75.59202024190881, 75.88479886354934, 75.11335820895285, 75.58166233517606, 75.34729777590913, 75.42811743653117, 74.55379580764335], "mae_test": [6.694291139569772, 6.711607992135606, 6.7013256774258005, 6.714184862298224, 6.697848249213989, 6.687506772538161, 6.717893641472895, 6.712220770729412, 6.7044015885125585, 6.697453958657949, 6.685144736800662, 6.690451049953917, 6.737030044675126, 6.721663372232164, 6.712444091191786, 6.716553080690485], "mae_train": [59.78520115625743, 59.39650682678057, 59.94176319907807, 60.057561224413405, 59.54240498777444, 60.03934377803831, 59.8434521699001, 59.965151417948384, 59.42692611442611, 59.917770812594384, 60.221048845785226, 59.66937728753846, 59.9766271496771, 59.63556972882432, 59.88179664625872, 58.82729016117953], "alphas": [], "num_feats": [60, 60, 60, 60, 60, 60, 60, 60, 60, 60, 60, 60, 60, 60, 60, 60]}, "7": {"rmse_test": [36.16348305692721, 36.4332168146606, 36.76990006353509, 35.80344318320812, 36.12690939670326, 37.11243826066693, 36.48963304928891, 37.806758063898705, 36.42427447834411, 36.30576040699792, 36.400640940809645, 36.88240796105199, 36.201103679697724, 36.11780280013845, 37.25852223168769, 36.54041551742083], "rmse_train": [163.32256647274542, 161.91150650147534, 163.92328343854788, 160.53466380663232, 161.25844159819056, 165.44377176878285, 164.05640354094604, 163.0394645610208, 163.97961097733113, 163.09221071338231, 163.21561370918988, 163.2815140649321, 163.81109644032315, 163.55754758171514, 163.8377170643642, 161.84476827931513], "mae_test": [25.142162048036766, 25.371061567185095, 25.368697663214558, 25.158450796942322, 25.145888844181552, 25.58046610486259, 25.417628169397116, 25.936878985512713, 25.256516059224772, 25.095316815811557, 24.81615240167012, 25.790617836635214, 25.12818335034733, 25.265505738650067, 25.49206898597183, 25.45559844549737], "mae_train": [132.85182388886062, 130.80992134138273, 133.07969356563368, 129.53732150208802, 130.68654326042184, 134.3998662575636, 133.37648036604915, 132.28947540669662, 132.97095386411524, 132.499671265067, 132.3521804763798, 133.14304978086184, 133.32475874976382, 132.4390874152976, 133.5084739913129, 131.4711816876755], "alphas": [], "num_feats": [60, 60, 60, 60, 60, 60, 60, 60, 60, 60, 60, 60, 60, 60, 60, 60]}, "8": {"rmse_test": [52.429473126139854, 52.33977424161055, 51.7112982094279, 52.79012986874994, 52.3205334469989, 52.59185529065953, 52.711727145964666, 52.246957784905625, 52.35429976593569, 52.81975063614714, 52.3676788278695, 52.56179709056796, 52.83072903871701, 52.75329955635984, 52.60028371974951, 52.69696517602631], "rmse_train": [267.4639229989958, 268.77457128827615, 272.7120485018364, 269.0935904274969, 267.2802412712799, 268.5169753661192, 270.385627043859, 272.4581277061765, 269.6801019246514, 265.54355003964355, 270.7124109688091, 268.7418728933498, 268.6640171935458, 272.0012090917821, 268.1522732757382, 271.707749561354], "mae_test": [39.6113040790521, 39.21245997921415, 38.96506595573851, 39.70923497663822, 39.48280406036909, 39.280505882840664, 39.50832976719335, 39.61912018537268, 39.15895774553529, 39.57435337837384, 39.3279176987158, 39.24866509263438, 39.8624590554495, 39.497789194557015, 39.592357398573505, 39.55456192586069], "mae_train": [218.11485325657833, 219.09764698622985, 222.75806353794098, 218.89463939178503, 217.92976733655112, 219.40486862103336, 220.5010808666361, 221.2383936391657, 219.3184128491107, 215.81582900383577, 221.34565786828549, 218.5587163629285, 218.60233734091636, 220.8929329519639, 218.4183732206763, 220.93483489566046], "alphas": [], "num_feats": [60, 60, 60, 60, 60, 60, 60, 60, 60, 60, 60, 60, 60, 60, 60, 60]}}